id,choice,alternative,set,atb1,atb2,atb3,atb4,gender,AGE,FE,EL,FM,LS,FI,RDCS
1,1,1,1,1,1000,1,1,0,3,2,0,4,2,3,1
1,0,2,1,1,330,2,2,0,3,2,0,4,2,3,1
1,0,3,1,3,330,2,2,0,3,2,0,4,2,3,1
1,0,4,1,3,1000,1,1,0,3,2,0,4,2,3,1
1,0,5,1,0,0,0,0,0,3,2,0,4,2,3,1
1,0,1,2,1,1000,1,2,0,3,2,0,4,2,3,1
1,1,2,2,1,330,1,1,0,3,2,0,4,2,3,1
1,0,3,2,3,1000,2,2,0,3,2,0,4,2,3,1
1,0,4,2,3,330,2,1,0,3,2,0,4,2,3,1
1,0,5,2,0,0,0,0,0,3,2,0,4,2,3,1
1,1,1,3,1,330,1,2,0,3,2,0,4,2,3,1
1,0,2,3,3,1000,2,1,0,3,2,0,4,2,3,1
1,0,3,3,3,1000,1,2,0,3,2,0,4,2,3,1
1,0,4,3,1,330,2,1,0,3,2,0,4,2,3,1
1,0,5,3,0,0,0,0,0,3,2,0,4,2,3,1
1,0,1,4,3,330,1,1,0,3,2,0,4,2,3,1
1,0,2,4,1,1000,2,2,0,3,2,0,4,2,3,1
1,1,3,4,1,1000,2,1,0,3,2,0,4,2,3,1
1,0,4,4,3,330,1,2,0,3,2,0,4,2,3,1
1,0,5,4,0,0,0,0,0,3,2,0,4,2,3,1
2,0,1,1,1,1000,1,1,1,3,1,3,4,1,3,1
2,1,2,1,1,330,2,2,1,3,1,3,4,1,3,1
2,0,3,1,3,330,2,2,1,3,1,3,4,1,3,1
2,0,4,1,3,1000,1,1,1,3,1,3,4,1,3,1
2,0,5,1,0,0,0,0,1,3,1,3,4,1,3,1
2,0,1,2,1,1000,1,2,1,3,1,3,4,1,3,1
2,1,2,2,1,330,1,1,1,3,1,3,4,1,3,1
2,0,3,2,3,1000,2,2,1,3,1,3,4,1,3,1
2,0,4,2,3,330,2,1,1,3,1,3,4,1,3,1
2,0,5,2,0,0,0,0,1,3,1,3,4,1,3,1
2,1,1,3,1,330,1,2,1,3,1,3,4,1,3,1
2,0,2,3,3,1000,2,1,1,3,1,3,4,1,3,1
2,0,3,3,3,1000,1,2,1,3,1,3,4,1,3,1
2,0,4,3,1,330,2,1,1,3,1,3,4,1,3,1
2,0,5,3,0,0,0,0,1,3,1,3,4,1,3,1
2,0,1,4,3,330,1,1,1,3,1,3,4,1,3,1
2,0,2,4,1,1000,2,2,1,3,1,3,4,1,3,1
2,0,3,4,1,1000,2,1,1,3,1,3,4,1,3,1
2,0,4,4,3,330,1,2,1,3,1,3,4,1,3,1
2,1,5,4,0,0,0,0,1,3,1,3,4,1,3,1
3,0,1,1,1,1000,1,1,0,2,1,1,4,1,1,1
3,0,2,1,1,330,2,2,0,2,1,1,4,1,1,1
3,0,3,1,3,330,2,2,0,2,1,1,4,1,1,1
3,1,4,1,3,1000,1,1,0,2,1,1,4,1,1,1
3,0,5,1,0,0,0,0,0,2,1,1,4,1,1,1
3,0,1,2,1,1000,1,2,0,2,1,1,4,1,1,1
3,1,2,2,1,330,1,1,0,2,1,1,4,1,1,1
3,0,3,2,3,1000,2,2,0,2,1,1,4,1,1,1
3,0,4,2,3,330,2,1,0,2,1,1,4,1,1,1
3,0,5,2,0,0,0,0,0,2,1,1,4,1,1,1
3,0,1,3,1,330,1,2,0,2,1,1,4,1,1,1
3,0,2,3,3,1000,2,1,0,2,1,1,4,1,1,1
3,0,3,3,3,1000,1,2,0,2,1,1,4,1,1,1
3,1,4,3,1,330,2,1,0,2,1,1,4,1,1,1
3,0,5,3,0,0,0,0,0,2,1,1,4,1,1,1
3,0,1,4,3,330,1,1,0,2,1,1,4,1,1,1
3,0,2,4,1,1000,2,2,0,2,1,1,4,1,1,1
3,1,3,4,1,1000,2,1,0,2,1,1,4,1,1,1
3,0,4,4,3,330,1,2,0,2,1,1,4,1,1,1
3,0,5,4,0,0,0,0,0,2,1,1,4,1,1,1
4,0,1,1,1,1000,1,1,0,4,4,1,2,1,1,1
4,0,2,1,1,330,2,2,0,4,4,1,2,1,1,1
4,0,3,1,3,330,2,2,0,4,4,1,2,1,1,1
4,0,4,1,3,1000,1,1,0,4,4,1,2,1,1,1
4,1,5,1,0,0,0,0,0,4,4,1,2,1,1,1
4,0,1,2,1,1000,1,2,0,4,4,1,2,1,1,1
4,0,2,2,1,330,1,1,0,4,4,1,2,1,1,1
4,0,3,2,3,1000,2,2,0,4,4,1,2,1,1,1
4,0,4,2,3,330,2,1,0,4,4,1,2,1,1,1
4,1,5,2,0,0,0,0,0,4,4,1,2,1,1,1
4,0,1,3,1,330,1,2,0,4,4,1,2,1,1,1
4,0,2,3,3,1000,2,1,0,4,4,1,2,1,1,1
4,0,3,3,3,1000,1,2,0,4,4,1,2,1,1,1
4,0,4,3,1,330,2,1,0,4,4,1,2,1,1,1
4,1,5,3,0,0,0,0,0,4,4,1,2,1,1,1
4,0,1,4,3,330,1,1,0,4,4,1,2,1,1,1
4,0,2,4,1,1000,2,2,0,4,4,1,2,1,1,1
4,0,3,4,1,1000,2,1,0,4,4,1,2,1,1,1
4,0,4,4,3,330,1,2,0,4,4,1,2,1,1,1
4,1,5,4,0,0,0,0,0,4,4,1,2,1,1,1
5,0,1,1,1,1000,1,1,1,2,2,2,5,1,2,1
5,1,2,1,1,330,2,2,1,2,2,2,5,1,2,1
5,0,3,1,3,330,2,2,1,2,2,2,5,1,2,1
5,0,4,1,3,1000,1,1,1,2,2,2,5,1,2,1
5,0,5,1,0,0,0,0,1,2,2,2,5,1,2,1
5,0,1,2,1,1000,1,2,1,2,2,2,5,1,2,1
5,1,2,2,1,330,1,1,1,2,2,2,5,1,2,1
5,0,3,2,3,1000,2,2,1,2,2,2,5,1,2,1
5,0,4,2,3,330,2,1,1,2,2,2,5,1,2,1
5,0,5,2,0,0,0,0,1,2,2,2,5,1,2,1
5,1,1,3,1,330,1,2,1,2,2,2,5,1,2,1
5,0,2,3,3,1000,2,1,1,2,2,2,5,1,2,1
5,0,3,3,3,1000,1,2,1,2,2,2,5,1,2,1
5,0,4,3,1,330,2,1,1,2,2,2,5,1,2,1
5,0,5,3,0,0,0,0,1,2,2,2,5,1,2,1
5,0,1,4,3,330,1,1,1,2,2,2,5,1,2,1
5,0,2,4,1,1000,2,2,1,2,2,2,5,1,2,1
5,0,3,4,1,1000,2,1,1,2,2,2,5,1,2,1
5,0,4,4,3,330,1,2,1,2,2,2,5,1,2,1
5,1,5,4,0,0,0,0,1,2,2,2,5,1,2,1
6,0,1,1,1,1000,1,1,0,2,3,1,3,2,2,0
6,1,2,1,1,330,2,2,0,2,3,1,3,2,2,0
6,0,3,1,3,330,2,2,0,2,3,1,3,2,2,0
6,0,4,1,3,1000,1,1,0,2,3,1,3,2,2,0
6,0,5,1,0,0,0,0,0,2,3,1,3,2,2,0
6,1,1,2,1,1000,1,2,0,2,3,1,3,2,2,0
6,0,2,2,1,330,1,1,0,2,3,1,3,2,2,0
6,0,3,2,3,1000,2,2,0,2,3,1,3,2,2,0
6,0,4,2,3,330,2,1,0,2,3,1,3,2,2,0
6,0,5,2,0,0,0,0,0,2,3,1,3,2,2,0
6,1,1,3,1,330,1,2,0,2,3,1,3,2,2,0
6,0,2,3,3,1000,2,1,0,2,3,1,3,2,2,0
6,0,3,3,3,1000,1,2,0,2,3,1,3,2,2,0
6,0,4,3,1,330,2,1,0,2,3,1,3,2,2,0
6,0,5,3,0,0,0,0,0,2,3,1,3,2,2,0
6,0,1,4,3,330,1,1,0,2,3,1,3,2,2,0
6,1,2,4,1,1000,2,2,0,2,3,1,3,2,2,0
6,0,3,4,1,1000,2,1,0,2,3,1,3,2,2,0
6,0,4,4,3,330,1,2,0,2,3,1,3,2,2,0
6,0,5,4,0,0,0,0,0,2,3,1,3,2,2,0
7,0,1,1,1,1000,1,1,1,3,2,3,3,2,4,1
7,1,2,1,1,330,2,2,1,3,2,3,3,2,4,1
7,0,3,1,3,330,2,2,1,3,2,3,3,2,4,1
7,0,4,1,3,1000,1,1,1,3,2,3,3,2,4,1
7,0,5,1,0,0,0,0,1,3,2,3,3,2,4,1
7,1,1,2,1,1000,1,2,1,3,2,3,3,2,4,1
7,0,2,2,1,330,1,1,1,3,2,3,3,2,4,1
7,0,3,2,3,1000,2,2,1,3,2,3,3,2,4,1
7,0,4,2,3,330,2,1,1,3,2,3,3,2,4,1
7,0,5,2,0,0,0,0,1,3,2,3,3,2,4,1
7,0,1,3,1,330,1,2,1,3,2,3,3,2,4,1
7,0,2,3,3,1000,2,1,1,3,2,3,3,2,4,1
7,1,3,3,3,1000,1,2,1,3,2,3,3,2,4,1
7,0,4,3,1,330,2,1,1,3,2,3,3,2,4,1
7,0,5,3,0,0,0,0,1,3,2,3,3,2,4,1
7,0,1,4,3,330,1,1,1,3,2,3,3,2,4,1
7,1,2,4,1,1000,2,2,1,3,2,3,3,2,4,1
7,0,3,4,1,1000,2,1,1,3,2,3,3,2,4,1
7,0,4,4,3,330,1,2,1,3,2,3,3,2,4,1
7,0,5,4,0,0,0,0,1,3,2,3,3,2,4,1
8,0,1,1,1,1000,1,1,0,4,4,0,3,1,1,1
8,0,2,1,1,330,2,2,0,4,4,0,3,1,1,1
8,0,3,1,3,330,2,2,0,4,4,0,3,1,1,1
8,0,4,1,3,1000,1,1,0,4,4,0,3,1,1,1
8,1,5,1,0,0,0,0,0,4,4,0,3,1,1,1
8,0,1,2,1,1000,1,2,0,4,4,0,3,1,1,1
8,0,2,2,1,330,1,1,0,4,4,0,3,1,1,1
8,0,3,2,3,1000,2,2,0,4,4,0,3,1,1,1
8,0,4,2,3,330,2,1,0,4,4,0,3,1,1,1
8,1,5,2,0,0,0,0,0,4,4,0,3,1,1,1
8,0,1,3,1,330,1,2,0,4,4,0,3,1,1,1
8,0,2,3,3,1000,2,1,0,4,4,0,3,1,1,1
8,0,3,3,3,1000,1,2,0,4,4,0,3,1,1,1
8,0,4,3,1,330,2,1,0,4,4,0,3,1,1,1
8,1,5,3,0,0,0,0,0,4,4,0,3,1,1,1
8,0,1,4,3,330,1,1,0,4,4,0,3,1,1,1
8,0,2,4,1,1000,2,2,0,4,4,0,3,1,1,1
8,0,3,4,1,1000,2,1,0,4,4,0,3,1,1,1
8,0,4,4,3,330,1,2,0,4,4,0,3,1,1,1
8,1,5,4,0,0,0,0,0,4,4,0,3,1,1,1
9,0,1,1,1,1000,1,1,0,4,4,1,4,1,1,1
9,0,2,1,1,330,2,2,0,4,4,1,4,1,1,1
9,1,3,1,3,330,2,2,0,4,4,1,4,1,1,1
9,0,4,1,3,1000,1,1,0,4,4,1,4,1,1,1
9,0,5,1,0,0,0,0,0,4,4,1,4,1,1,1
9,0,1,2,1,1000,1,2,0,4,4,1,4,1,1,1
9,0,2,2,1,330,1,1,0,4,4,1,4,1,1,1
9,1,3,2,3,1000,2,2,0,4,4,1,4,1,1,1
9,0,4,2,3,330,2,1,0,4,4,1,4,1,1,1
9,0,5,2,0,0,0,0,0,4,4,1,4,1,1,1
9,0,1,3,1,330,1,2,0,4,4,1,4,1,1,1
9,0,2,3,3,1000,2,1,0,4,4,1,4,1,1,1
9,1,3,3,3,1000,1,2,0,4,4,1,4,1,1,1
9,0,4,3,1,330,2,1,0,4,4,1,4,1,1,1
9,0,5,3,0,0,0,0,0,4,4,1,4,1,1,1
9,0,1,4,3,330,1,1,0,4,4,1,4,1,1,1
9,0,2,4,1,1000,2,2,0,4,4,1,4,1,1,1
9,0,3,4,1,1000,2,1,0,4,4,1,4,1,1,1
9,1,4,4,3,330,1,2,0,4,4,1,4,1,1,1
9,0,5,4,0,0,0,0,0,4,4,1,4,1,1,1
10,0,1,1,1,1000,1,1,0,4,4,1,2,2,2,0
10,0,2,1,1,330,2,2,0,4,4,1,2,2,2,0
10,0,3,1,3,330,2,2,0,4,4,1,2,2,2,0
10,0,4,1,3,1000,1,1,0,4,4,1,2,2,2,0
10,1,5,1,0,0,0,0,0,4,4,1,2,2,2,0
10,0,1,2,1,1000,1,2,0,4,4,1,2,2,2,0
10,0,2,2,1,330,1,1,0,4,4,1,2,2,2,0
10,0,3,2,3,1000,2,2,0,4,4,1,2,2,2,0
10,0,4,2,3,330,2,1,0,4,4,1,2,2,2,0
10,1,5,2,0,0,0,0,0,4,4,1,2,2,2,0
10,0,1,3,1,330,1,2,0,4,4,1,2,2,2,0
10,0,2,3,3,1000,2,1,0,4,4,1,2,2,2,0
10,0,3,3,3,1000,1,2,0,4,4,1,2,2,2,0
10,0,4,3,1,330,2,1,0,4,4,1,2,2,2,0
10,1,5,3,0,0,0,0,0,4,4,1,2,2,2,0
10,0,1,4,3,330,1,1,0,4,4,1,2,2,2,0
10,0,2,4,1,1000,2,2,0,4,4,1,2,2,2,0
10,0,3,4,1,1000,2,1,0,4,4,1,2,2,2,0
10,0,4,4,3,330,1,2,0,4,4,1,2,2,2,0
10,1,5,4,0,0,0,0,0,4,4,1,2,2,2,0
11,0,1,1,1,1000,1,1,0,3,3,1,1,2,2,1
11,0,2,1,1,330,2,2,0,3,3,1,1,2,2,1
11,0,3,1,3,330,2,2,0,3,3,1,1,2,2,1
11,0,4,1,3,1000,1,1,0,3,3,1,1,2,2,1
11,1,5,1,0,0,0,0,0,3,3,1,1,2,2,1
11,0,1,2,1,1000,1,2,0,3,3,1,1,2,2,1
11,0,2,2,1,330,1,1,0,3,3,1,1,2,2,1
11,0,3,2,3,1000,2,2,0,3,3,1,1,2,2,1
11,0,4,2,3,330,2,1,0,3,3,1,1,2,2,1
11,1,5,2,0,0,0,0,0,3,3,1,1,2,2,1
11,0,1,3,1,330,1,2,0,3,3,1,1,2,2,1
11,0,2,3,3,1000,2,1,0,3,3,1,1,2,2,1
11,0,3,3,3,1000,1,2,0,3,3,1,1,2,2,1
11,0,4,3,1,330,2,1,0,3,3,1,1,2,2,1
11,1,5,3,0,0,0,0,0,3,3,1,1,2,2,1
11,0,1,4,3,330,1,1,0,3,3,1,1,2,2,1
11,0,2,4,1,1000,2,2,0,3,3,1,1,2,2,1
11,0,3,4,1,1000,2,1,0,3,3,1,1,2,2,1
11,0,4,4,3,330,1,2,0,3,3,1,1,2,2,1
11,1,5,4,0,0,0,0,0,3,3,1,1,2,2,1
12,1,1,1,1,1000,1,1,1,2,1,3,5,4,4,1
12,0,2,1,1,330,2,2,1,2,1,3,5,4,4,1
12,0,3,1,3,330,2,2,1,2,1,3,5,4,4,1
12,0,4,1,3,1000,1,1,1,2,1,3,5,4,4,1
12,0,5,1,0,0,0,0,1,2,1,3,5,4,4,1
12,1,1,2,1,1000,1,2,1,2,1,3,5,4,4,1
12,0,2,2,1,330,1,1,1,2,1,3,5,4,4,1
12,0,3,2,3,1000,2,2,1,2,1,3,5,4,4,1
12,0,4,2,3,330,2,1,1,2,1,3,5,4,4,1
12,0,5,2,0,0,0,0,1,2,1,3,5,4,4,1
12,0,1,3,1,330,1,2,1,2,1,3,5,4,4,1
12,0,2,3,3,1000,2,1,1,2,1,3,5,4,4,1
12,1,3,3,3,1000,1,2,1,2,1,3,5,4,4,1
12,0,4,3,1,330,2,1,1,2,1,3,5,4,4,1
12,0,5,3,0,0,0,0,1,2,1,3,5,4,4,1
12,0,1,4,3,330,1,1,1,2,1,3,5,4,4,1
12,1,2,4,1,1000,2,2,1,2,1,3,5,4,4,1
12,0,3,4,1,1000,2,1,1,2,1,3,5,4,4,1
12,0,4,4,3,330,1,2,1,2,1,3,5,4,4,1
12,0,5,4,0,0,0,0,1,2,1,3,5,4,4,1
13,1,1,1,1,1000,1,1,1,3,3,2,3,3,5,1
13,0,2,1,1,330,2,2,1,3,3,2,3,3,5,1
13,0,3,1,3,330,2,2,1,3,3,2,3,3,5,1
13,0,4,1,3,1000,1,1,1,3,3,2,3,3,5,1
13,0,5,1,0,0,0,0,1,3,3,2,3,3,5,1
13,0,1,2,1,1000,1,2,1,3,3,2,3,3,5,1
13,1,2,2,1,330,1,1,1,3,3,2,3,3,5,1
13,0,3,2,3,1000,2,2,1,3,3,2,3,3,5,1
13,0,4,2,3,330,2,1,1,3,3,2,3,3,5,1
13,0,5,2,0,0,0,0,1,3,3,2,3,3,5,1
13,0,1,3,1,330,1,2,1,3,3,2,3,3,5,1
13,1,2,3,3,1000,2,1,1,3,3,2,3,3,5,1
13,0,3,3,3,1000,1,2,1,3,3,2,3,3,5,1
13,0,4,3,1,330,2,1,1,3,3,2,3,3,5,1
13,0,5,3,0,0,0,0,1,3,3,2,3,3,5,1
13,0,1,4,3,330,1,1,1,3,3,2,3,3,5,1
13,0,2,4,1,1000,2,2,1,3,3,2,3,3,5,1
13,1,3,4,1,1000,2,1,1,3,3,2,3,3,5,1
13,0,4,4,3,330,1,2,1,3,3,2,3,3,5,1
13,0,5,4,0,0,0,0,1,3,3,2,3,3,5,1
14,0,1,1,1,1000,1,1,1,4,4,1,3,1,1,1
14,1,2,1,1,330,2,2,1,4,4,1,3,1,1,1
14,0,3,1,3,330,2,2,1,4,4,1,3,1,1,1
14,0,4,1,3,1000,1,1,1,4,4,1,3,1,1,1
14,0,5,1,0,0,0,0,1,4,4,1,3,1,1,1
14,0,1,2,1,1000,1,2,1,4,4,1,3,1,1,1
14,0,2,2,1,330,1,1,1,4,4,1,3,1,1,1
14,0,3,2,3,1000,2,2,1,4,4,1,3,1,1,1
14,0,4,2,3,330,2,1,1,4,4,1,3,1,1,1
14,1,5,2,0,0,0,0,1,4,4,1,3,1,1,1
14,1,1,3,1,330,1,2,1,4,4,1,3,1,1,1
14,0,2,3,3,1000,2,1,1,4,4,1,3,1,1,1
14,0,3,3,3,1000,1,2,1,4,4,1,3,1,1,1
14,0,4,3,1,330,2,1,1,4,4,1,3,1,1,1
14,0,5,3,0,0,0,0,1,4,4,1,3,1,1,1
14,0,1,4,3,330,1,1,1,4,4,1,3,1,1,1
14,1,2,4,1,1000,2,2,1,4,4,1,3,1,1,1
14,0,3,4,1,1000,2,1,1,4,4,1,3,1,1,1
14,0,4,4,3,330,1,2,1,4,4,1,3,1,1,1
14,0,5,4,0,0,0,0,1,4,4,1,3,1,1,1
15,0,1,1,1,1000,1,1,0,2,3,1,4,1,3,1
15,0,2,1,1,330,2,2,0,2,3,1,4,1,3,1
15,1,3,1,3,330,2,2,0,2,3,1,4,1,3,1
15,0,4,1,3,1000,1,1,0,2,3,1,4,1,3,1
15,0,5,1,0,0,0,0,0,2,3,1,4,1,3,1
15,1,1,2,1,1000,1,2,0,2,3,1,4,1,3,1
15,0,2,2,1,330,1,1,0,2,3,1,4,1,3,1
15,0,3,2,3,1000,2,2,0,2,3,1,4,1,3,1
15,0,4,2,3,330,2,1,0,2,3,1,4,1,3,1
15,0,5,2,0,0,0,0,0,2,3,1,4,1,3,1
15,1,1,3,1,330,1,2,0,2,3,1,4,1,3,1
15,0,2,3,3,1000,2,1,0,2,3,1,4,1,3,1
15,0,3,3,3,1000,1,2,0,2,3,1,4,1,3,1
15,0,4,3,1,330,2,1,0,2,3,1,4,1,3,1
15,0,5,3,0,0,0,0,0,2,3,1,4,1,3,1
15,0,1,4,3,330,1,1,0,2,3,1,4,1,3,1
15,1,2,4,1,1000,2,2,0,2,3,1,4,1,3,1
15,0,3,4,1,1000,2,1,0,2,3,1,4,1,3,1
15,0,4,4,3,330,1,2,0,2,3,1,4,1,3,1
15,0,5,4,0,0,0,0,0,2,3,1,4,1,3,1
16,0,1,1,1,1000,1,1,1,4,1,1,5,3,3,1
16,1,2,1,1,330,2,2,1,4,1,1,5,3,3,1
16,0,3,1,3,330,2,2,1,4,1,1,5,3,3,1
16,0,4,1,3,1000,1,1,1,4,1,1,5,3,3,1
16,0,5,1,0,0,0,0,1,4,1,1,5,3,3,1
16,0,1,2,1,1000,1,2,1,4,1,1,5,3,3,1
16,1,2,2,1,330,1,1,1,4,1,1,5,3,3,1
16,0,3,2,3,1000,2,2,1,4,1,1,5,3,3,1
16,0,4,2,3,330,2,1,1,4,1,1,5,3,3,1
16,0,5,2,0,0,0,0,1,4,1,1,5,3,3,1
16,1,1,3,1,330,1,2,1,4,1,1,5,3,3,1
16,0,2,3,3,1000,2,1,1,4,1,1,5,3,3,1
16,0,3,3,3,1000,1,2,1,4,1,1,5,3,3,1
16,0,4,3,1,330,2,1,1,4,1,1,5,3,3,1
16,0,5,3,0,0,0,0,1,4,1,1,5,3,3,1
16,0,1,4,3,330,1,1,1,4,1,1,5,3,3,1
16,0,2,4,1,1000,2,2,1,4,1,1,5,3,3,1
16,0,3,4,1,1000,2,1,1,4,1,1,5,3,3,1
16,0,4,4,3,330,1,2,1,4,1,1,5,3,3,1
16,1,5,4,0,0,0,0,1,4,1,1,5,3,3,1
17,0,1,1,1,1000,1,1,1,4,4,1,2,2,2,1
17,1,2,1,1,330,2,2,1,4,4,1,2,2,2,1
17,0,3,1,3,330,2,2,1,4,4,1,2,2,2,1
17,0,4,1,3,1000,1,1,1,4,4,1,2,2,2,1
17,0,5,1,0,0,0,0,1,4,4,1,2,2,2,1
17,0,1,2,1,1000,1,2,1,4,4,1,2,2,2,1
17,1,2,2,1,330,1,1,1,4,4,1,2,2,2,1
17,0,3,2,3,1000,2,2,1,4,4,1,2,2,2,1
17,0,4,2,3,330,2,1,1,4,4,1,2,2,2,1
17,0,5,2,0,0,0,0,1,4,4,1,2,2,2,1
17,0,1,3,1,330,1,2,1,4,4,1,2,2,2,1
17,0,2,3,3,1000,2,1,1,4,4,1,2,2,2,1
17,0,3,3,3,1000,1,2,1,4,4,1,2,2,2,1
17,0,4,3,1,330,2,1,1,4,4,1,2,2,2,1
17,1,5,3,0,0,0,0,1,4,4,1,2,2,2,1
17,0,1,4,3,330,1,1,1,4,4,1,2,2,2,1
17,0,2,4,1,1000,2,2,1,4,4,1,2,2,2,1
17,1,3,4,1,1000,2,1,1,4,4,1,2,2,2,1
17,0,4,4,3,330,1,2,1,4,4,1,2,2,2,1
17,0,5,4,0,0,0,0,1,4,4,1,2,2,2,1
18,0,1,1,1,1000,1,1,0,3,3,1,4,1,2,1
18,0,2,1,1,330,2,2,0,3,3,1,4,1,2,1
18,1,3,1,3,330,2,2,0,3,3,1,4,1,2,1
18,0,4,1,3,1000,1,1,0,3,3,1,4,1,2,1
18,0,5,1,0,0,0,0,0,3,3,1,4,1,2,1
18,1,1,2,1,1000,1,2,0,3,3,1,4,1,2,1
18,0,2,2,1,330,1,1,0,3,3,1,4,1,2,1
18,0,3,2,3,1000,2,2,0,3,3,1,4,1,2,1
18,0,4,2,3,330,2,1,0,3,3,1,4,1,2,1
18,0,5,2,0,0,0,0,0,3,3,1,4,1,2,1
18,0,1,3,1,330,1,2,0,3,3,1,4,1,2,1
18,0,2,3,3,1000,2,1,0,3,3,1,4,1,2,1
18,0,3,3,3,1000,1,2,0,3,3,1,4,1,2,1
18,1,4,3,1,330,2,1,0,3,3,1,4,1,2,1
18,0,5,3,0,0,0,0,0,3,3,1,4,1,2,1
18,0,1,4,3,330,1,1,0,3,3,1,4,1,2,1
18,1,2,4,1,1000,2,2,0,3,3,1,4,1,2,1
18,0,3,4,1,1000,2,1,0,3,3,1,4,1,2,1
18,0,4,4,3,330,1,2,0,3,3,1,4,1,2,1
18,0,5,4,0,0,0,0,0,3,3,1,4,1,2,1
19,0,1,1,1,1000,1,1,1,4,4,1,2,2,2,1
19,1,2,1,1,330,2,2,1,4,4,1,2,2,2,1
19,0,3,1,3,330,2,2,1,4,4,1,2,2,2,1
19,0,4,1,3,1000,1,1,1,4,4,1,2,2,2,1
19,0,5,1,0,0,0,0,1,4,4,1,2,2,2,1
19,0,1,2,1,1000,1,2,1,4,4,1,2,2,2,1
19,1,2,2,1,330,1,1,1,4,4,1,2,2,2,1
19,0,3,2,3,1000,2,2,1,4,4,1,2,2,2,1
19,0,4,2,3,330,2,1,1,4,4,1,2,2,2,1
19,0,5,2,0,0,0,0,1,4,4,1,2,2,2,1
19,1,1,3,1,330,1,2,1,4,4,1,2,2,2,1
19,0,2,3,3,1000,2,1,1,4,4,1,2,2,2,1
19,0,3,3,3,1000,1,2,1,4,4,1,2,2,2,1
19,0,4,3,1,330,2,1,1,4,4,1,2,2,2,1
19,0,5,3,0,0,0,0,1,4,4,1,2,2,2,1
19,0,1,4,3,330,1,1,1,4,4,1,2,2,2,1
19,1,2,4,1,1000,2,2,1,4,4,1,2,2,2,1
19,0,3,4,1,1000,2,1,1,4,4,1,2,2,2,1
19,0,4,4,3,330,1,2,1,4,4,1,2,2,2,1
19,0,5,4,0,0,0,0,1,4,4,1,2,2,2,1
20,1,1,1,1,1000,1,1,1,3,1,3,3,1,3,1
20,0,2,1,1,330,2,2,1,3,1,3,3,1,3,1
20,0,3,1,3,330,2,2,1,3,1,3,3,1,3,1
20,0,4,1,3,1000,1,1,1,3,1,3,3,1,3,1
20,0,5,1,0,0,0,0,1,3,1,3,3,1,3,1
20,0,1,2,1,1000,1,2,1,3,1,3,3,1,3,1
20,1,2,2,1,330,1,1,1,3,1,3,3,1,3,1
20,0,3,2,3,1000,2,2,1,3,1,3,3,1,3,1
20,0,4,2,3,330,2,1,1,3,1,3,3,1,3,1
20,0,5,2,0,0,0,0,1,3,1,3,3,1,3,1
20,1,1,3,1,330,1,2,1,3,1,3,3,1,3,1
20,0,2,3,3,1000,2,1,1,3,1,3,3,1,3,1
20,0,3,3,3,1000,1,2,1,3,1,3,3,1,3,1
20,0,4,3,1,330,2,1,1,3,1,3,3,1,3,1
20,0,5,3,0,0,0,0,1,3,1,3,3,1,3,1
20,0,1,4,3,330,1,1,1,3,1,3,3,1,3,1
20,0,2,4,1,1000,2,2,1,3,1,3,3,1,3,1
20,1,3,4,1,1000,2,1,1,3,1,3,3,1,3,1
20,0,4,4,3,330,1,2,1,3,1,3,3,1,3,1
20,0,5,4,0,0,0,0,1,3,1,3,3,1,3,1
21,0,1,1,1,1000,1,1,1,3,3,2,5,2,2,1
21,0,2,1,1,330,2,2,1,3,3,2,5,2,2,1
21,0,3,1,3,330,2,2,1,3,3,2,5,2,2,1
21,0,4,1,3,1000,1,1,1,3,3,2,5,2,2,1
21,1,5,1,0,0,0,0,1,3,3,2,5,2,2,1
21,0,1,2,1,1000,1,2,1,3,3,2,5,2,2,1
21,1,2,2,1,330,1,1,1,3,3,2,5,2,2,1
21,0,3,2,3,1000,2,2,1,3,3,2,5,2,2,1
21,0,4,2,3,330,2,1,1,3,3,2,5,2,2,1
21,0,5,2,0,0,0,0,1,3,3,2,5,2,2,1
21,1,1,3,1,330,1,2,1,3,3,2,5,2,2,1
21,0,2,3,3,1000,2,1,1,3,3,2,5,2,2,1
21,0,3,3,3,1000,1,2,1,3,3,2,5,2,2,1
21,0,4,3,1,330,2,1,1,3,3,2,5,2,2,1
21,0,5,3,0,0,0,0,1,3,3,2,5,2,2,1
21,0,1,4,3,330,1,1,1,3,3,2,5,2,2,1
21,1,2,4,1,1000,2,2,1,3,3,2,5,2,2,1
21,0,3,4,1,1000,2,1,1,3,3,2,5,2,2,1
21,0,4,4,3,330,1,2,1,3,3,2,5,2,2,1
21,0,5,4,0,0,0,0,1,3,3,2,5,2,2,1
22,0,1,1,1,1000,1,1,1,3,4,1,5,3,2,1
22,0,2,1,1,330,2,2,1,3,4,1,5,3,2,1
22,0,3,1,3,330,2,2,1,3,4,1,5,3,2,1
22,0,4,1,3,1000,1,1,1,3,4,1,5,3,2,1
22,1,5,1,0,0,0,0,1,3,4,1,5,3,2,1
22,1,1,2,1,1000,1,2,1,3,4,1,5,3,2,1
22,0,2,2,1,330,1,1,1,3,4,1,5,3,2,1
22,0,3,2,3,1000,2,2,1,3,4,1,5,3,2,1
22,0,4,2,3,330,2,1,1,3,4,1,5,3,2,1
22,0,5,2,0,0,0,0,1,3,4,1,5,3,2,1
22,1,1,3,1,330,1,2,1,3,4,1,5,3,2,1
22,0,2,3,3,1000,2,1,1,3,4,1,5,3,2,1
22,0,3,3,3,1000,1,2,1,3,4,1,5,3,2,1
22,0,4,3,1,330,2,1,1,3,4,1,5,3,2,1
22,0,5,3,0,0,0,0,1,3,4,1,5,3,2,1
22,0,1,4,3,330,1,1,1,3,4,1,5,3,2,1
22,1,2,4,1,1000,2,2,1,3,4,1,5,3,2,1
22,0,3,4,1,1000,2,1,1,3,4,1,5,3,2,1
22,0,4,4,3,330,1,2,1,3,4,1,5,3,2,1
22,0,5,4,0,0,0,0,1,3,4,1,5,3,2,1
23,0,1,1,1,1000,1,1,0,3,4,1,5,1,3,1
23,0,2,1,1,330,2,2,0,3,4,1,5,1,3,1
23,0,3,1,3,330,2,2,0,3,4,1,5,1,3,1
23,0,4,1,3,1000,1,1,0,3,4,1,5,1,3,1
23,1,5,1,0,0,0,0,0,3,4,1,5,1,3,1
23,0,1,2,1,1000,1,2,0,3,4,1,5,1,3,1
23,0,2,2,1,330,1,1,0,3,4,1,5,1,3,1
23,0,3,2,3,1000,2,2,0,3,4,1,5,1,3,1
23,0,4,2,3,330,2,1,0,3,4,1,5,1,3,1
23,1,5,2,0,0,0,0,0,3,4,1,5,1,3,1
23,0,1,3,1,330,1,2,0,3,4,1,5,1,3,1
23,0,2,3,3,1000,2,1,0,3,4,1,5,1,3,1
23,0,3,3,3,1000,1,2,0,3,4,1,5,1,3,1
23,0,4,3,1,330,2,1,0,3,4,1,5,1,3,1
23,1,5,3,0,0,0,0,0,3,4,1,5,1,3,1
23,0,1,4,3,330,1,1,0,3,4,1,5,1,3,1
23,0,2,4,1,1000,2,2,0,3,4,1,5,1,3,1
23,0,3,4,1,1000,2,1,0,3,4,1,5,1,3,1
23,0,4,4,3,330,1,2,0,3,4,1,5,1,3,1
23,1,5,4,0,0,0,0,0,3,4,1,5,1,3,1
24,0,1,1,1,1000,1,1,0,2,1,1,4,1,2,0
24,0,2,1,1,330,2,2,0,2,1,1,4,1,2,0
24,0,3,1,3,330,2,2,0,2,1,1,4,1,2,0
24,1,4,1,3,1000,1,1,0,2,1,1,4,1,2,0
24,0,5,1,0,0,0,0,0,2,1,1,4,1,2,0
24,0,1,2,1,1000,1,2,0,2,1,1,4,1,2,0
24,0,2,2,1,330,1,1,0,2,1,1,4,1,2,0
24,0,3,2,3,1000,2,2,0,2,1,1,4,1,2,0
24,1,4,2,3,330,2,1,0,2,1,1,4,1,2,0
24,0,5,2,0,0,0,0,0,2,1,1,4,1,2,0
24,0,1,3,1,330,1,2,0,2,1,1,4,1,2,0
24,1,2,3,3,1000,2,1,0,2,1,1,4,1,2,0
24,0,3,3,3,1000,1,2,0,2,1,1,4,1,2,0
24,0,4,3,1,330,2,1,0,2,1,1,4,1,2,0
24,0,5,3,0,0,0,0,0,2,1,1,4,1,2,0
24,1,1,4,3,330,1,1,0,2,1,1,4,1,2,0
24,0,2,4,1,1000,2,2,0,2,1,1,4,1,2,0
24,0,3,4,1,1000,2,1,0,2,1,1,4,1,2,0
24,0,4,4,3,330,1,2,0,2,1,1,4,1,2,0
24,0,5,4,0,0,0,0,0,2,1,1,4,1,2,0
25,0,1,1,1,1000,1,1,1,2,2,3,5,1,2,1
25,1,2,1,1,330,2,2,1,2,2,3,5,1,2,1
25,0,3,1,3,330,2,2,1,2,2,3,5,1,2,1
25,0,4,1,3,1000,1,1,1,2,2,3,5,1,2,1
25,0,5,1,0,0,0,0,1,2,2,3,5,1,2,1
25,1,1,2,1,1000,1,2,1,2,2,3,5,1,2,1
25,0,2,2,1,330,1,1,1,2,2,3,5,1,2,1
25,0,3,2,3,1000,2,2,1,2,2,3,5,1,2,1
25,0,4,2,3,330,2,1,1,2,2,3,5,1,2,1
25,0,5,2,0,0,0,0,1,2,2,3,5,1,2,1
25,1,1,3,1,330,1,2,1,2,2,3,5,1,2,1
25,0,2,3,3,1000,2,1,1,2,2,3,5,1,2,1
25,0,3,3,3,1000,1,2,1,2,2,3,5,1,2,1
25,0,4,3,1,330,2,1,1,2,2,3,5,1,2,1
25,0,5,3,0,0,0,0,1,2,2,3,5,1,2,1
25,0,1,4,3,330,1,1,1,2,2,3,5,1,2,1
25,1,2,4,1,1000,2,2,1,2,2,3,5,1,2,1
25,0,3,4,1,1000,2,1,1,2,2,3,5,1,2,1
25,0,4,4,3,330,1,2,1,2,2,3,5,1,2,1
25,0,5,4,0,0,0,0,1,2,2,3,5,1,2,1
26,0,1,1,1,1000,1,1,1,4,4,1,2,1,2,1
26,0,2,1,1,330,2,2,1,4,4,1,2,1,2,1
26,0,3,1,3,330,2,2,1,4,4,1,2,1,2,1
26,0,4,1,3,1000,1,1,1,4,4,1,2,1,2,1
26,1,5,1,0,0,0,0,1,4,4,1,2,1,2,1
26,0,1,2,1,1000,1,2,1,4,4,1,2,1,2,1
26,0,2,2,1,330,1,1,1,4,4,1,2,1,2,1
26,0,3,2,3,1000,2,2,1,4,4,1,2,1,2,1
26,0,4,2,3,330,2,1,1,4,4,1,2,1,2,1
26,1,5,2,0,0,0,0,1,4,4,1,2,1,2,1
26,0,1,3,1,330,1,2,1,4,4,1,2,1,2,1
26,0,2,3,3,1000,2,1,1,4,4,1,2,1,2,1
26,0,3,3,3,1000,1,2,1,4,4,1,2,1,2,1
26,0,4,3,1,330,2,1,1,4,4,1,2,1,2,1
26,1,5,3,0,0,0,0,1,4,4,1,2,1,2,1
26,0,1,4,3,330,1,1,1,4,4,1,2,1,2,1
26,0,2,4,1,1000,2,2,1,4,4,1,2,1,2,1
26,0,3,4,1,1000,2,1,1,4,4,1,2,1,2,1
26,0,4,4,3,330,1,2,1,4,4,1,2,1,2,1
26,1,5,4,0,0,0,0,1,4,4,1,2,1,2,1
27,0,1,1,1,1000,1,1,0,2,1,1,4,3,2,1
27,0,2,1,1,330,2,2,0,2,1,1,4,3,2,1
27,0,3,1,3,330,2,2,0,2,1,1,4,3,2,1
27,1,4,1,3,1000,1,1,0,2,1,1,4,3,2,1
27,0,5,1,0,0,0,0,0,2,1,1,4,3,2,1
27,0,1,2,1,1000,1,2,0,2,1,1,4,3,2,1
27,0,2,2,1,330,1,1,0,2,1,1,4,3,2,1
27,0,3,2,3,1000,2,2,0,2,1,1,4,3,2,1
27,1,4,2,3,330,2,1,0,2,1,1,4,3,2,1
27,0,5,2,0,0,0,0,0,2,1,1,4,3,2,1
27,0,1,3,1,330,1,2,0,2,1,1,4,3,2,1
27,1,2,3,3,1000,2,1,0,2,1,1,4,3,2,1
27,0,3,3,3,1000,1,2,0,2,1,1,4,3,2,1
27,0,4,3,1,330,2,1,0,2,1,1,4,3,2,1
27,0,5,3,0,0,0,0,0,2,1,1,4,3,2,1
27,1,1,4,3,330,1,1,0,2,1,1,4,3,2,1
27,0,2,4,1,1000,2,2,0,2,1,1,4,3,2,1
27,0,3,4,1,1000,2,1,0,2,1,1,4,3,2,1
27,0,4,4,3,330,1,2,0,2,1,1,4,3,2,1
27,0,5,4,0,0,0,0,0,2,1,1,4,3,2,1
28,0,1,1,1,1000,1,1,0,3,3,2,3,1,2,0
28,0,2,1,1,330,2,2,0,3,3,2,3,1,2,0
28,0,3,1,3,330,2,2,0,3,3,2,3,1,2,0
28,0,4,1,3,1000,1,1,0,3,3,2,3,1,2,0
28,1,5,1,0,0,0,0,0,3,3,2,3,1,2,0
28,0,1,2,1,1000,1,2,0,3,3,2,3,1,2,0
28,0,2,2,1,330,1,1,0,3,3,2,3,1,2,0
28,0,3,2,3,1000,2,2,0,3,3,2,3,1,2,0
28,0,4,2,3,330,2,1,0,3,3,2,3,1,2,0
28,1,5,2,0,0,0,0,0,3,3,2,3,1,2,0
28,0,1,3,1,330,1,2,0,3,3,2,3,1,2,0
28,0,2,3,3,1000,2,1,0,3,3,2,3,1,2,0
28,0,3,3,3,1000,1,2,0,3,3,2,3,1,2,0
28,0,4,3,1,330,2,1,0,3,3,2,3,1,2,0
28,1,5,3,0,0,0,0,0,3,3,2,3,1,2,0
28,0,1,4,3,330,1,1,0,3,3,2,3,1,2,0
28,0,2,4,1,1000,2,2,0,3,3,2,3,1,2,0
28,0,3,4,1,1000,2,1,0,3,3,2,3,1,2,0
28,0,4,4,3,330,1,2,0,3,3,2,3,1,2,0
28,1,5,4,0,0,0,0,0,3,3,2,3,1,2,0
29,0,1,1,1,1000,1,1,0,3,1,1,6,1,3,1
29,1,2,1,1,330,2,2,0,3,1,1,6,1,3,1
29,0,3,1,3,330,2,2,0,3,1,1,6,1,3,1
29,0,4,1,3,1000,1,1,0,3,1,1,6,1,3,1
29,0,5,1,0,0,0,0,0,3,1,1,6,1,3,1
29,1,1,2,1,1000,1,2,0,3,1,1,6,1,3,1
29,0,2,2,1,330,1,1,0,3,1,1,6,1,3,1
29,0,3,2,3,1000,2,2,0,3,1,1,6,1,3,1
29,0,4,2,3,330,2,1,0,3,1,1,6,1,3,1
29,0,5,2,0,0,0,0,0,3,1,1,6,1,3,1
29,1,1,3,1,330,1,2,0,3,1,1,6,1,3,1
29,0,2,3,3,1000,2,1,0,3,1,1,6,1,3,1
29,0,3,3,3,1000,1,2,0,3,1,1,6,1,3,1
29,0,4,3,1,330,2,1,0,3,1,1,6,1,3,1
29,0,5,3,0,0,0,0,0,3,1,1,6,1,3,1
29,0,1,4,3,330,1,1,0,3,1,1,6,1,3,1
29,1,2,4,1,1000,2,2,0,3,1,1,6,1,3,1
29,0,3,4,1,1000,2,1,0,3,1,1,6,1,3,1
29,0,4,4,3,330,1,2,0,3,1,1,6,1,3,1
29,0,5,4,0,0,0,0,0,3,1,1,6,1,3,1
30,0,1,1,1,1000,1,1,0,4,4,1,2,1,1,1
30,1,2,1,1,330,2,2,0,4,4,1,2,1,1,1
30,0,3,1,3,330,2,2,0,4,4,1,2,1,1,1
30,0,4,1,3,1000,1,1,0,4,4,1,2,1,1,1
30,0,5,1,0,0,0,0,0,4,4,1,2,1,1,1
30,1,1,2,1,1000,1,2,0,4,4,1,2,1,1,1
30,0,2,2,1,330,1,1,0,4,4,1,2,1,1,1
30,0,3,2,3,1000,2,2,0,4,4,1,2,1,1,1
30,0,4,2,3,330,2,1,0,4,4,1,2,1,1,1
30,0,5,2,0,0,0,0,0,4,4,1,2,1,1,1
30,1,1,3,1,330,1,2,0,4,4,1,2,1,1,1
30,0,2,3,3,1000,2,1,0,4,4,1,2,1,1,1
30,0,3,3,3,1000,1,2,0,4,4,1,2,1,1,1
30,0,4,3,1,330,2,1,0,4,4,1,2,1,1,1
30,0,5,3,0,0,0,0,0,4,4,1,2,1,1,1
30,0,1,4,3,330,1,1,0,4,4,1,2,1,1,1
30,1,2,4,1,1000,2,2,0,4,4,1,2,1,1,1
30,0,3,4,1,1000,2,1,0,4,4,1,2,1,1,1
30,0,4,4,3,330,1,2,0,4,4,1,2,1,1,1
30,0,5,4,0,0,0,0,0,4,4,1,2,1,1,1
31,0,1,1,1,1000,1,1,1,3,4,1,3,2,3,1
31,0,2,1,1,330,2,2,1,3,4,1,3,2,3,1
31,0,3,1,3,330,2,2,1,3,4,1,3,2,3,1
31,1,4,1,3,1000,1,1,1,3,4,1,3,2,3,1
31,0,5,1,0,0,0,0,1,3,4,1,3,2,3,1
31,0,1,2,1,1000,1,2,1,3,4,1,3,2,3,1
31,0,2,2,1,330,1,1,1,3,4,1,3,2,3,1
31,0,3,2,3,1000,2,2,1,3,4,1,3,2,3,1
31,1,4,2,3,330,2,1,1,3,4,1,3,2,3,1
31,0,5,2,0,0,0,0,1,3,4,1,3,2,3,1
31,0,1,3,1,330,1,2,1,3,4,1,3,2,3,1
31,1,2,3,3,1000,2,1,1,3,4,1,3,2,3,1
31,0,3,3,3,1000,1,2,1,3,4,1,3,2,3,1
31,0,4,3,1,330,2,1,1,3,4,1,3,2,3,1
31,0,5,3,0,0,0,0,1,3,4,1,3,2,3,1
31,1,1,4,3,330,1,1,1,3,4,1,3,2,3,1
31,0,2,4,1,1000,2,2,1,3,4,1,3,2,3,1
31,0,3,4,1,1000,2,1,1,3,4,1,3,2,3,1
31,0,4,4,3,330,1,2,1,3,4,1,3,2,3,1
31,0,5,4,0,0,0,0,1,3,4,1,3,2,3,1
32,0,1,1,1,1000,1,1,1,2,1,2,5,2,3,1
32,0,2,1,1,330,2,2,1,2,1,2,5,2,3,1
32,1,3,1,3,330,2,2,1,2,1,2,5,2,3,1
32,0,4,1,3,1000,1,1,1,2,1,2,5,2,3,1
32,0,5,1,0,0,0,0,1,2,1,2,5,2,3,1
32,0,1,2,1,1000,1,2,1,2,1,2,5,2,3,1
32,0,2,2,1,330,1,1,1,2,1,2,5,2,3,1
32,1,3,2,3,1000,2,2,1,2,1,2,5,2,3,1
32,0,4,2,3,330,2,1,1,2,1,2,5,2,3,1
32,0,5,2,0,0,0,0,1,2,1,2,5,2,3,1
32,0,1,3,1,330,1,2,1,2,1,2,5,2,3,1
32,0,2,3,3,1000,2,1,1,2,1,2,5,2,3,1
32,1,3,3,3,1000,1,2,1,2,1,2,5,2,3,1
32,0,4,3,1,330,2,1,1,2,1,2,5,2,3,1
32,0,5,3,0,0,0,0,1,2,1,2,5,2,3,1
32,0,1,4,3,330,1,1,1,2,1,2,5,2,3,1
32,0,2,4,1,1000,2,2,1,2,1,2,5,2,3,1
32,0,3,4,1,1000,2,1,1,2,1,2,5,2,3,1
32,1,4,4,3,330,1,2,1,2,1,2,5,2,3,1
32,0,5,4,0,0,0,0,1,2,1,2,5,2,3,1
33,1,1,1,1,1000,1,1,0,3,3,1,3,1,2,0
33,0,2,1,1,330,2,2,0,3,3,1,3,1,2,0
33,0,3,1,3,330,2,2,0,3,3,1,3,1,2,0
33,0,4,1,3,1000,1,1,0,3,3,1,3,1,2,0
33,0,5,1,0,0,0,0,0,3,3,1,3,1,2,0
33,0,1,2,1,1000,1,2,0,3,3,1,3,1,2,0
33,1,2,2,1,330,1,1,0,3,3,1,3,1,2,0
33,0,3,2,3,1000,2,2,0,3,3,1,3,1,2,0
33,0,4,2,3,330,2,1,0,3,3,1,3,1,2,0
33,0,5,2,0,0,0,0,0,3,3,1,3,1,2,0
33,1,1,3,1,330,1,2,0,3,3,1,3,1,2,0
33,0,2,3,3,1000,2,1,0,3,3,1,3,1,2,0
33,0,3,3,3,1000,1,2,0,3,3,1,3,1,2,0
33,0,4,3,1,330,2,1,0,3,3,1,3,1,2,0
33,0,5,3,0,0,0,0,0,3,3,1,3,1,2,0
33,0,1,4,3,330,1,1,0,3,3,1,3,1,2,0
33,1,2,4,1,1000,2,2,0,3,3,1,3,1,2,0
33,0,3,4,1,1000,2,1,0,3,3,1,3,1,2,0
33,0,4,4,3,330,1,2,0,3,3,1,3,1,2,0
33,0,5,4,0,0,0,0,0,3,3,1,3,1,2,0
34,0,1,1,1,1000,1,1,0,3,4,1,3,1,2,1
34,0,2,1,1,330,2,2,0,3,4,1,3,1,2,1
34,1,3,1,3,330,2,2,0,3,4,1,3,1,2,1
34,0,4,1,3,1000,1,1,0,3,4,1,3,1,2,1
34,0,5,1,0,0,0,0,0,3,4,1,3,1,2,1
34,0,1,2,1,1000,1,2,0,3,4,1,3,1,2,1
34,0,2,2,1,330,1,1,0,3,4,1,3,1,2,1
34,1,3,2,3,1000,2,2,0,3,4,1,3,1,2,1
34,0,4,2,3,330,2,1,0,3,4,1,3,1,2,1
34,0,5,2,0,0,0,0,0,3,4,1,3,1,2,1
34,1,1,3,1,330,1,2,0,3,4,1,3,1,2,1
34,0,2,3,3,1000,2,1,0,3,4,1,3,1,2,1
34,0,3,3,3,1000,1,2,0,3,4,1,3,1,2,1
34,0,4,3,1,330,2,1,0,3,4,1,3,1,2,1
34,0,5,3,0,0,0,0,0,3,4,1,3,1,2,1
34,0,1,4,3,330,1,1,0,3,4,1,3,1,2,1
34,0,2,4,1,1000,2,2,0,3,4,1,3,1,2,1
34,0,3,4,1,1000,2,1,0,3,4,1,3,1,2,1
34,1,4,4,3,330,1,2,0,3,4,1,3,1,2,1
34,0,5,4,0,0,0,0,0,3,4,1,3,1,2,1
35,0,1,1,1,1000,1,1,1,3,3,3,4,1,1,0
35,0,2,1,1,330,2,2,1,3,3,3,4,1,1,0
35,0,3,1,3,330,2,2,1,3,3,3,4,1,1,0
35,1,4,1,3,1000,1,1,1,3,3,3,4,1,1,0
35,0,5,1,0,0,0,0,1,3,3,3,4,1,1,0
35,0,1,2,1,1000,1,2,1,3,3,3,4,1,1,0
35,0,2,2,1,330,1,1,1,3,3,3,4,1,1,0
35,0,3,2,3,1000,2,2,1,3,3,3,4,1,1,0
35,1,4,2,3,330,2,1,1,3,3,3,4,1,1,0
35,0,5,2,0,0,0,0,1,3,3,3,4,1,1,0
35,0,1,3,1,330,1,2,1,3,3,3,4,1,1,0
35,0,2,3,3,1000,2,1,1,3,3,3,4,1,1,0
35,0,3,3,3,1000,1,2,1,3,3,3,4,1,1,0
35,1,4,3,1,330,2,1,1,3,3,3,4,1,1,0
35,0,5,3,0,0,0,0,1,3,3,3,4,1,1,0
35,1,1,4,3,330,1,1,1,3,3,3,4,1,1,0
35,0,2,4,1,1000,2,2,1,3,3,3,4,1,1,0
35,0,3,4,1,1000,2,1,1,3,3,3,4,1,1,0
35,0,4,4,3,330,1,2,1,3,3,3,4,1,1,0
35,0,5,4,0,0,0,0,1,3,3,3,4,1,1,0
36,0,1,1,1,1000,1,1,1,4,4,1,2,1,2,1
36,0,2,1,1,330,2,2,1,4,4,1,2,1,2,1
36,1,3,1,3,330,2,2,1,4,4,1,2,1,2,1
36,0,4,1,3,1000,1,1,1,4,4,1,2,1,2,1
36,0,5,1,0,0,0,0,1,4,4,1,2,1,2,1
36,0,1,2,1,1000,1,2,1,4,4,1,2,1,2,1
36,0,2,2,1,330,1,1,1,4,4,1,2,1,2,1
36,0,3,2,3,1000,2,2,1,4,4,1,2,1,2,1
36,1,4,2,3,330,2,1,1,4,4,1,2,1,2,1
36,0,5,2,0,0,0,0,1,4,4,1,2,1,2,1
36,0,1,3,1,330,1,2,1,4,4,1,2,1,2,1
36,1,2,3,3,1000,2,1,1,4,4,1,2,1,2,1
36,0,3,3,3,1000,1,2,1,4,4,1,2,1,2,1
36,0,4,3,1,330,2,1,1,4,4,1,2,1,2,1
36,0,5,3,0,0,0,0,1,4,4,1,2,1,2,1
36,1,1,4,3,330,1,1,1,4,4,1,2,1,2,1
36,0,2,4,1,1000,2,2,1,4,4,1,2,1,2,1
36,0,3,4,1,1000,2,1,1,4,4,1,2,1,2,1
36,0,4,4,3,330,1,2,1,4,4,1,2,1,2,1
36,0,5,4,0,0,0,0,1,4,4,1,2,1,2,1
37,0,1,1,1,1000,1,1,0,3,4,1,3,1,2,1
37,0,2,1,1,330,2,2,0,3,4,1,3,1,2,1
37,1,3,1,3,330,2,2,0,3,4,1,3,1,2,1
37,0,4,1,3,1000,1,1,0,3,4,1,3,1,2,1
37,0,5,1,0,0,0,0,0,3,4,1,3,1,2,1
37,0,1,2,1,1000,1,2,0,3,4,1,3,1,2,1
37,0,2,2,1,330,1,1,0,3,4,1,3,1,2,1
37,1,3,2,3,1000,2,2,0,3,4,1,3,1,2,1
37,0,4,2,3,330,2,1,0,3,4,1,3,1,2,1
37,0,5,2,0,0,0,0,0,3,4,1,3,1,2,1
37,0,1,3,1,330,1,2,0,3,4,1,3,1,2,1
37,0,2,3,3,1000,2,1,0,3,4,1,3,1,2,1
37,1,3,3,3,1000,1,2,0,3,4,1,3,1,2,1
37,0,4,3,1,330,2,1,0,3,4,1,3,1,2,1
37,0,5,3,0,0,0,0,0,3,4,1,3,1,2,1
37,0,1,4,3,330,1,1,0,3,4,1,3,1,2,1
37,0,2,4,1,1000,2,2,0,3,4,1,3,1,2,1
37,0,3,4,1,1000,2,1,0,3,4,1,3,1,2,1
37,1,4,4,3,330,1,2,0,3,4,1,3,1,2,1
37,0,5,4,0,0,0,0,0,3,4,1,3,1,2,1
38,1,1,1,1,1000,1,1,1,2,3,1,5,2,3,1
38,0,2,1,1,330,2,2,1,2,3,1,5,2,3,1
38,0,3,1,3,330,2,2,1,2,3,1,5,2,3,1
38,0,4,1,3,1000,1,1,1,2,3,1,5,2,3,1
38,0,5,1,0,0,0,0,1,2,3,1,5,2,3,1
38,0,1,2,1,1000,1,2,1,2,3,1,5,2,3,1
38,1,2,2,1,330,1,1,1,2,3,1,5,2,3,1
38,0,3,2,3,1000,2,2,1,2,3,1,5,2,3,1
38,0,4,2,3,330,2,1,1,2,3,1,5,2,3,1
38,0,5,2,0,0,0,0,1,2,3,1,5,2,3,1
38,0,1,3,1,330,1,2,1,2,3,1,5,2,3,1
38,1,2,3,3,1000,2,1,1,2,3,1,5,2,3,1
38,0,3,3,3,1000,1,2,1,2,3,1,5,2,3,1
38,0,4,3,1,330,2,1,1,2,3,1,5,2,3,1
38,0,5,3,0,0,0,0,1,2,3,1,5,2,3,1
38,0,1,4,3,330,1,1,1,2,3,1,5,2,3,1
38,0,2,4,1,1000,2,2,1,2,3,1,5,2,3,1
38,1,3,4,1,1000,2,1,1,2,3,1,5,2,3,1
38,0,4,4,3,330,1,2,1,2,3,1,5,2,3,1
38,0,5,4,0,0,0,0,1,2,3,1,5,2,3,1
39,0,1,1,1,1000,1,1,1,3,4,2,3,4,1,1
39,1,2,1,1,330,2,2,1,3,4,2,3,4,1,1
39,0,3,1,3,330,2,2,1,3,4,2,3,4,1,1
39,0,4,1,3,1000,1,1,1,3,4,2,3,4,1,1
39,0,5,1,0,0,0,0,1,3,4,2,3,4,1,1
39,1,1,2,1,1000,1,2,1,3,4,2,3,4,1,1
39,0,2,2,1,330,1,1,1,3,4,2,3,4,1,1
39,0,3,2,3,1000,2,2,1,3,4,2,3,4,1,1
39,0,4,2,3,330,2,1,1,3,4,2,3,4,1,1
39,0,5,2,0,0,0,0,1,3,4,2,3,4,1,1
39,1,1,3,1,330,1,2,1,3,4,2,3,4,1,1
39,0,2,3,3,1000,2,1,1,3,4,2,3,4,1,1
39,0,3,3,3,1000,1,2,1,3,4,2,3,4,1,1
39,0,4,3,1,330,2,1,1,3,4,2,3,4,1,1
39,0,5,3,0,0,0,0,1,3,4,2,3,4,1,1
39,0,1,4,3,330,1,1,1,3,4,2,3,4,1,1
39,1,2,4,1,1000,2,2,1,3,4,2,3,4,1,1
39,0,3,4,1,1000,2,1,1,3,4,2,3,4,1,1
39,0,4,4,3,330,1,2,1,3,4,2,3,4,1,1
39,0,5,4,0,0,0,0,1,3,4,2,3,4,1,1
40,0,1,1,1,1000,1,1,1,3,4,4,5,4,4,1
40,1,2,1,1,330,2,2,1,3,4,4,5,4,4,1
40,0,3,1,3,330,2,2,1,3,4,4,5,4,4,1
40,0,4,1,3,1000,1,1,1,3,4,4,5,4,4,1
40,0,5,1,0,0,0,0,1,3,4,4,5,4,4,1
40,0,1,2,1,1000,1,2,1,3,4,4,5,4,4,1
40,1,2,2,1,330,1,1,1,3,4,4,5,4,4,1
40,0,3,2,3,1000,2,2,1,3,4,4,5,4,4,1
40,0,4,2,3,330,2,1,1,3,4,4,5,4,4,1
40,0,5,2,0,0,0,0,1,3,4,4,5,4,4,1
40,1,1,3,1,330,1,2,1,3,4,4,5,4,4,1
40,0,2,3,3,1000,2,1,1,3,4,4,5,4,4,1
40,0,3,3,3,1000,1,2,1,3,4,4,5,4,4,1
40,0,4,3,1,330,2,1,1,3,4,4,5,4,4,1
40,0,5,3,0,0,0,0,1,3,4,4,5,4,4,1
40,1,1,4,3,330,1,1,1,3,4,4,5,4,4,1
40,0,2,4,1,1000,2,2,1,3,4,4,5,4,4,1
40,0,3,4,1,1000,2,1,1,3,4,4,5,4,4,1
40,0,4,4,3,330,1,2,1,3,4,4,5,4,4,1
40,0,5,4,0,0,0,0,1,3,4,4,5,4,4,1
41,0,1,1,1,1000,1,1,0,3,4,2,2,4,2,0
41,1,2,1,1,330,2,2,0,3,4,2,2,4,2,0
41,0,3,1,3,330,2,2,0,3,4,2,2,4,2,0
41,0,4,1,3,1000,1,1,0,3,4,2,2,4,2,0
41,0,5,1,0,0,0,0,0,3,4,2,2,4,2,0
41,0,1,2,1,1000,1,2,0,3,4,2,2,4,2,0
41,1,2,2,1,330,1,1,0,3,4,2,2,4,2,0
41,0,3,2,3,1000,2,2,0,3,4,2,2,4,2,0
41,0,4,2,3,330,2,1,0,3,4,2,2,4,2,0
41,0,5,2,0,0,0,0,0,3,4,2,2,4,2,0
41,1,1,3,1,330,1,2,0,3,4,2,2,4,2,0
41,0,2,3,3,1000,2,1,0,3,4,2,2,4,2,0
41,0,3,3,3,1000,1,2,0,3,4,2,2,4,2,0
41,0,4,3,1,330,2,1,0,3,4,2,2,4,2,0
41,0,5,3,0,0,0,0,0,3,4,2,2,4,2,0
41,1,1,4,3,330,1,1,0,3,4,2,2,4,2,0
41,0,2,4,1,1000,2,2,0,3,4,2,2,4,2,0
41,0,3,4,1,1000,2,1,0,3,4,2,2,4,2,0
41,0,4,4,3,330,1,2,0,3,4,2,2,4,2,0
41,0,5,4,0,0,0,0,0,3,4,2,2,4,2,0
42,0,1,1,1,1000,1,1,0,3,3,1,3,4,1,1
42,1,2,1,1,330,2,2,0,3,3,1,3,4,1,1
42,0,3,1,3,330,2,2,0,3,3,1,3,4,1,1
42,0,4,1,3,1000,1,1,0,3,3,1,3,4,1,1
42,0,5,1,0,0,0,0,0,3,3,1,3,4,1,1
42,0,1,2,1,1000,1,2,0,3,3,1,3,4,1,1
42,1,2,2,1,330,1,1,0,3,3,1,3,4,1,1
42,0,3,2,3,1000,2,2,0,3,3,1,3,4,1,1
42,0,4,2,3,330,2,1,0,3,3,1,3,4,1,1
42,0,5,2,0,0,0,0,0,3,3,1,3,4,1,1
42,1,1,3,1,330,1,2,0,3,3,1,3,4,1,1
42,0,2,3,3,1000,2,1,0,3,3,1,3,4,1,1
42,0,3,3,3,1000,1,2,0,3,3,1,3,4,1,1
42,0,4,3,1,330,2,1,0,3,3,1,3,4,1,1
42,0,5,3,0,0,0,0,0,3,3,1,3,4,1,1
42,0,1,4,3,330,1,1,0,3,3,1,3,4,1,1
42,0,2,4,1,1000,2,2,0,3,3,1,3,4,1,1
42,0,3,4,1,1000,2,1,0,3,3,1,3,4,1,1
42,0,4,4,3,330,1,2,0,3,3,1,3,4,1,1
42,1,5,4,0,0,0,0,0,3,3,1,3,4,1,1
43,0,1,1,1,1000,1,1,0,3,4,1,5,4,3,0
43,1,2,1,1,330,2,2,0,3,4,1,5,4,3,0
43,0,3,1,3,330,2,2,0,3,4,1,5,4,3,0
43,0,4,1,3,1000,1,1,0,3,4,1,5,4,3,0
43,0,5,1,0,0,0,0,0,3,4,1,5,4,3,0
43,0,1,2,1,1000,1,2,0,3,4,1,5,4,3,0
43,1,2,2,1,330,1,1,0,3,4,1,5,4,3,0
43,0,3,2,3,1000,2,2,0,3,4,1,5,4,3,0
43,0,4,2,3,330,2,1,0,3,4,1,5,4,3,0
43,0,5,2,0,0,0,0,0,3,4,1,5,4,3,0
43,0,1,3,1,330,1,2,0,3,4,1,5,4,3,0
43,0,2,3,3,1000,2,1,0,3,4,1,5,4,3,0
43,0,3,3,3,1000,1,2,0,3,4,1,5,4,3,0
43,1,4,3,1,330,2,1,0,3,4,1,5,4,3,0
43,0,5,3,0,0,0,0,0,3,4,1,5,4,3,0
43,0,1,4,3,330,1,1,0,3,4,1,5,4,3,0
43,0,2,4,1,1000,2,2,0,3,4,1,5,4,3,0
43,0,3,4,1,1000,2,1,0,3,4,1,5,4,3,0
43,0,4,4,3,330,1,2,0,3,4,1,5,4,3,0
43,1,5,4,0,0,0,0,0,3,4,1,5,4,3,0
44,0,1,1,1,1000,1,1,0,3,3,3,4,4,2,0
44,0,2,1,1,330,2,2,0,3,3,3,4,4,2,0
44,0,3,1,3,330,2,2,0,3,3,3,4,4,2,0
44,0,4,1,3,1000,1,1,0,3,3,3,4,4,2,0
44,1,5,1,0,0,0,0,0,3,3,3,4,4,2,0
44,0,1,2,1,1000,1,2,0,3,3,3,4,4,2,0
44,0,2,2,1,330,1,1,0,3,3,3,4,4,2,0
44,0,3,2,3,1000,2,2,0,3,3,3,4,4,2,0
44,0,4,2,3,330,2,1,0,3,3,3,4,4,2,0
44,1,5,2,0,0,0,0,0,3,3,3,4,4,2,0
44,0,1,3,1,330,1,2,0,3,3,3,4,4,2,0
44,0,2,3,3,1000,2,1,0,3,3,3,4,4,2,0
44,0,3,3,3,1000,1,2,0,3,3,3,4,4,2,0
44,0,4,3,1,330,2,1,0,3,3,3,4,4,2,0
44,1,5,3,0,0,0,0,0,3,3,3,4,4,2,0
44,0,1,4,3,330,1,1,0,3,3,3,4,4,2,0
44,0,2,4,1,1000,2,2,0,3,3,3,4,4,2,0
44,0,3,4,1,1000,2,1,0,3,3,3,4,4,2,0
44,0,4,4,3,330,1,2,0,3,3,3,4,4,2,0
44,1,5,4,0,0,0,0,0,3,3,3,4,4,2,0
45,0,1,1,1,1000,1,1,1,3,3,1,4,3,1,1
45,1,2,1,1,330,2,2,1,3,3,1,4,3,1,1
45,0,3,1,3,330,2,2,1,3,3,1,4,3,1,1
45,0,4,1,3,1000,1,1,1,3,3,1,4,3,1,1
45,0,5,1,0,0,0,0,1,3,3,1,4,3,1,1
45,1,1,2,1,1000,1,2,1,3,3,1,4,3,1,1
45,0,2,2,1,330,1,1,1,3,3,1,4,3,1,1
45,0,3,2,3,1000,2,2,1,3,3,1,4,3,1,1
45,0,4,2,3,330,2,1,1,3,3,1,4,3,1,1
45,0,5,2,0,0,0,0,1,3,3,1,4,3,1,1
45,1,1,3,1,330,1,2,1,3,3,1,4,3,1,1
45,0,2,3,3,1000,2,1,1,3,3,1,4,3,1,1
45,0,3,3,3,1000,1,2,1,3,3,1,4,3,1,1
45,0,4,3,1,330,2,1,1,3,3,1,4,3,1,1
45,0,5,3,0,0,0,0,1,3,3,1,4,3,1,1
45,0,1,4,3,330,1,1,1,3,3,1,4,3,1,1
45,0,2,4,1,1000,2,2,1,3,3,1,4,3,1,1
45,1,3,4,1,1000,2,1,1,3,3,1,4,3,1,1
45,0,4,4,3,330,1,2,1,3,3,1,4,3,1,1
45,0,5,4,0,0,0,0,1,3,3,1,4,3,1,1
46,0,1,1,1,1000,1,1,0,2,3,1,4,3,2,0
46,0,2,1,1,330,2,2,0,2,3,1,4,3,2,0
46,0,3,1,3,330,2,2,0,2,3,1,4,3,2,0
46,1,4,1,3,1000,1,1,0,2,3,1,4,3,2,0
46,0,5,1,0,0,0,0,0,2,3,1,4,3,2,0
46,0,1,2,1,1000,1,2,0,2,3,1,4,3,2,0
46,1,2,2,1,330,1,1,0,2,3,1,4,3,2,0
46,0,3,2,3,1000,2,2,0,2,3,1,4,3,2,0
46,0,4,2,3,330,2,1,0,2,3,1,4,3,2,0
46,0,5,2,0,0,0,0,0,2,3,1,4,3,2,0
46,0,1,3,1,330,1,2,0,2,3,1,4,3,2,0
46,0,2,3,3,1000,2,1,0,2,3,1,4,3,2,0
46,0,3,3,3,1000,1,2,0,2,3,1,4,3,2,0
46,1,4,3,1,330,2,1,0,2,3,1,4,3,2,0
46,0,5,3,0,0,0,0,0,2,3,1,4,3,2,0
46,1,1,4,3,330,1,1,0,2,3,1,4,3,2,0
46,0,2,4,1,1000,2,2,0,2,3,1,4,3,2,0
46,0,3,4,1,1000,2,1,0,2,3,1,4,3,2,0
46,0,4,4,3,330,1,2,0,2,3,1,4,3,2,0
46,0,5,4,0,0,0,0,0,2,3,1,4,3,2,0
47,0,1,1,1,1000,1,1,1,3,3,1,4,2,1,1
47,0,2,1,1,330,2,2,1,3,3,1,4,2,1,1
47,0,3,1,3,330,2,2,1,3,3,1,4,2,1,1
47,1,4,1,3,1000,1,1,1,3,3,1,4,2,1,1
47,0,5,1,0,0,0,0,1,3,3,1,4,2,1,1
47,0,1,2,1,1000,1,2,1,3,3,1,4,2,1,1
47,0,2,2,1,330,1,1,1,3,3,1,4,2,1,1
47,0,3,2,3,1000,2,2,1,3,3,1,4,2,1,1
47,1,4,2,3,330,2,1,1,3,3,1,4,2,1,1
47,0,5,2,0,0,0,0,1,3,3,1,4,2,1,1
47,0,1,3,1,330,1,2,1,3,3,1,4,2,1,1
47,0,2,3,3,1000,2,1,1,3,3,1,4,2,1,1
47,0,3,3,3,1000,1,2,1,3,3,1,4,2,1,1
47,1,4,3,1,330,2,1,1,3,3,1,4,2,1,1
47,0,5,3,0,0,0,0,1,3,3,1,4,2,1,1
47,1,1,4,3,330,1,1,1,3,3,1,4,2,1,1
47,0,2,4,1,1000,2,2,1,3,3,1,4,2,1,1
47,0,3,4,1,1000,2,1,1,3,3,1,4,2,1,1
47,0,4,4,3,330,1,2,1,3,3,1,4,2,1,1
47,0,5,4,0,0,0,0,1,3,3,1,4,2,1,1
48,0,1,1,1,1000,1,1,0,2,1,1,4,2,2,0
48,1,2,1,1,330,2,2,0,2,1,1,4,2,2,0
48,0,3,1,3,330,2,2,0,2,1,1,4,2,2,0
48,0,4,1,3,1000,1,1,0,2,1,1,4,2,2,0
48,0,5,1,0,0,0,0,0,2,1,1,4,2,2,0
48,0,1,2,1,1000,1,2,0,2,1,1,4,2,2,0
48,1,2,2,1,330,1,1,0,2,1,1,4,2,2,0
48,0,3,2,3,1000,2,2,0,2,1,1,4,2,2,0
48,0,4,2,3,330,2,1,0,2,1,1,4,2,2,0
48,0,5,2,0,0,0,0,0,2,1,1,4,2,2,0
48,1,1,3,1,330,1,2,0,2,1,1,4,2,2,0
48,0,2,3,3,1000,2,1,0,2,1,1,4,2,2,0
48,0,3,3,3,1000,1,2,0,2,1,1,4,2,2,0
48,0,4,3,1,330,2,1,0,2,1,1,4,2,2,0
48,0,5,3,0,0,0,0,0,2,1,1,4,2,2,0
48,0,1,4,3,330,1,1,0,2,1,1,4,2,2,0
48,0,2,4,1,1000,2,2,0,2,1,1,4,2,2,0
48,0,3,4,1,1000,2,1,0,2,1,1,4,2,2,0
48,0,4,4,3,330,1,2,0,2,1,1,4,2,2,0
48,1,5,4,0,0,0,0,0,2,1,1,4,2,2,0
49,0,1,1,1,1000,1,1,0,2,1,1,4,1,1,1
49,1,2,1,1,330,2,2,0,2,1,1,4,1,1,1
49,0,3,1,3,330,2,2,0,2,1,1,4,1,1,1
49,0,4,1,3,1000,1,1,0,2,1,1,4,1,1,1
49,0,5,1,0,0,0,0,0,2,1,1,4,1,1,1
49,0,1,2,1,1000,1,2,0,2,1,1,4,1,1,1
49,1,2,2,1,330,1,1,0,2,1,1,4,1,1,1
49,0,3,2,3,1000,2,2,0,2,1,1,4,1,1,1
49,0,4,2,3,330,2,1,0,2,1,1,4,1,1,1
49,0,5,2,0,0,0,0,0,2,1,1,4,1,1,1
49,1,1,3,1,330,1,2,0,2,1,1,4,1,1,1
49,0,2,3,3,1000,2,1,0,2,1,1,4,1,1,1
49,0,3,3,3,1000,1,2,0,2,1,1,4,1,1,1
49,0,4,3,1,330,2,1,0,2,1,1,4,1,1,1
49,0,5,3,0,0,0,0,0,2,1,1,4,1,1,1
49,0,1,4,3,330,1,1,0,2,1,1,4,1,1,1
49,0,2,4,1,1000,2,2,0,2,1,1,4,1,1,1
49,0,3,4,1,1000,2,1,0,2,1,1,4,1,1,1
49,0,4,4,3,330,1,2,0,2,1,1,4,1,1,1
49,1,5,4,0,0,0,0,0,2,1,1,4,1,1,1
50,0,1,1,1,1000,1,1,0,2,2,1,4,3,2,0
50,0,2,1,1,330,2,2,0,2,2,1,4,3,2,0
50,0,3,1,3,330,2,2,0,2,2,1,4,3,2,0
50,1,4,1,3,1000,1,1,0,2,2,1,4,3,2,0
50,0,5,1,0,0,0,0,0,2,2,1,4,3,2,0
50,0,1,2,1,1000,1,2,0,2,2,1,4,3,2,0
50,1,2,2,1,330,1,1,0,2,2,1,4,3,2,0
50,0,3,2,3,1000,2,2,0,2,2,1,4,3,2,0
50,0,4,2,3,330,2,1,0,2,2,1,4,3,2,0
50,0,5,2,0,0,0,0,0,2,2,1,4,3,2,0
50,0,1,3,1,330,1,2,0,2,2,1,4,3,2,0
50,0,2,3,3,1000,2,1,0,2,2,1,4,3,2,0
50,0,3,3,3,1000,1,2,0,2,2,1,4,3,2,0
50,1,4,3,1,330,2,1,0,2,2,1,4,3,2,0
50,0,5,3,0,0,0,0,0,2,2,1,4,3,2,0
50,0,1,4,3,330,1,1,0,2,2,1,4,3,2,0
50,1,2,4,1,1000,2,2,0,2,2,1,4,3,2,0
50,0,3,4,1,1000,2,1,0,2,2,1,4,3,2,0
50,0,4,4,3,330,1,2,0,2,2,1,4,3,2,0
50,0,5,4,0,0,0,0,0,2,2,1,4,3,2,0
51,0,1,1,1,1000,1,1,0,2,1,1,5,3,3,0
51,0,2,1,1,330,2,2,0,2,1,1,5,3,3,0
51,0,3,1,3,330,2,2,0,2,1,1,5,3,3,0
51,0,4,1,3,1000,1,1,0,2,1,1,5,3,3,0
51,1,5,1,0,0,0,0,0,2,1,1,5,3,3,0
51,0,1,2,1,1000,1,2,0,2,1,1,5,3,3,0
51,0,2,2,1,330,1,1,0,2,1,1,5,3,3,0
51,0,3,2,3,1000,2,2,0,2,1,1,5,3,3,0
51,0,4,2,3,330,2,1,0,2,1,1,5,3,3,0
51,1,5,2,0,0,0,0,0,2,1,1,5,3,3,0
51,0,1,3,1,330,1,2,0,2,1,1,5,3,3,0
51,0,2,3,3,1000,2,1,0,2,1,1,5,3,3,0
51,0,3,3,3,1000,1,2,0,2,1,1,5,3,3,0
51,0,4,3,1,330,2,1,0,2,1,1,5,3,3,0
51,1,5,3,0,0,0,0,0,2,1,1,5,3,3,0
51,0,1,4,3,330,1,1,0,2,1,1,5,3,3,0
51,0,2,4,1,1000,2,2,0,2,1,1,5,3,3,0
51,0,3,4,1,1000,2,1,0,2,1,1,5,3,3,0
51,0,4,4,3,330,1,2,0,2,1,1,5,3,3,0
51,1,5,4,0,0,0,0,0,2,1,1,5,3,3,0
52,0,1,1,1,1000,1,1,0,4,4,1,2,3,2,0
52,0,2,1,1,330,2,2,0,4,4,1,2,3,2,0
52,0,3,1,3,330,2,2,0,4,4,1,2,3,2,0
52,0,4,1,3,1000,1,1,0,4,4,1,2,3,2,0
52,1,5,1,0,0,0,0,0,4,4,1,2,3,2,0
52,0,1,2,1,1000,1,2,0,4,4,1,2,3,2,0
52,0,2,2,1,330,1,1,0,4,4,1,2,3,2,0
52,0,3,2,3,1000,2,2,0,4,4,1,2,3,2,0
52,0,4,2,3,330,2,1,0,4,4,1,2,3,2,0
52,1,5,2,0,0,0,0,0,4,4,1,2,3,2,0
52,0,1,3,1,330,1,2,0,4,4,1,2,3,2,0
52,0,2,3,3,1000,2,1,0,4,4,1,2,3,2,0
52,0,3,3,3,1000,1,2,0,4,4,1,2,3,2,0
52,0,4,3,1,330,2,1,0,4,4,1,2,3,2,0
52,1,5,3,0,0,0,0,0,4,4,1,2,3,2,0
52,0,1,4,3,330,1,1,0,4,4,1,2,3,2,0
52,0,2,4,1,1000,2,2,0,4,4,1,2,3,2,0
52,0,3,4,1,1000,2,1,0,4,4,1,2,3,2,0
52,0,4,4,3,330,1,2,0,4,4,1,2,3,2,0
52,1,5,4,0,0,0,0,0,4,4,1,2,3,2,0
53,0,1,1,1,1000,1,1,0,2,2,2,4,3,1,0
53,0,2,1,1,330,2,2,0,2,2,2,4,3,1,0
53,0,3,1,3,330,2,2,0,2,2,2,4,3,1,0
53,0,4,1,3,1000,1,1,0,2,2,2,4,3,1,0
53,1,5,1,0,0,0,0,0,2,2,2,4,3,1,0
53,0,1,2,1,1000,1,2,0,2,2,2,4,3,1,0
53,0,2,2,1,330,1,1,0,2,2,2,4,3,1,0
53,0,3,2,3,1000,2,2,0,2,2,2,4,3,1,0
53,0,4,2,3,330,2,1,0,2,2,2,4,3,1,0
53,1,5,2,0,0,0,0,0,2,2,2,4,3,1,0
53,0,1,3,1,330,1,2,0,2,2,2,4,3,1,0
53,0,2,3,3,1000,2,1,0,2,2,2,4,3,1,0
53,0,3,3,3,1000,1,2,0,2,2,2,4,3,1,0
53,0,4,3,1,330,2,1,0,2,2,2,4,3,1,0
53,1,5,3,0,0,0,0,0,2,2,2,4,3,1,0
53,0,1,4,3,330,1,1,0,2,2,2,4,3,1,0
53,0,2,4,1,1000,2,2,0,2,2,2,4,3,1,0
53,0,3,4,1,1000,2,1,0,2,2,2,4,3,1,0
53,0,4,4,3,330,1,2,0,2,2,2,4,3,1,0
53,1,5,4,0,0,0,0,0,2,2,2,4,3,1,0
54,0,1,1,1,1000,1,1,0,1,1,1,4,1,1,0
54,0,2,1,1,330,2,2,0,1,1,1,4,1,1,0
54,0,3,1,3,330,2,2,0,1,1,1,4,1,1,0
54,0,4,1,3,1000,1,1,0,1,1,1,4,1,1,0
54,1,5,1,0,0,0,0,0,1,1,1,4,1,1,0
54,0,1,2,1,1000,1,2,0,1,1,1,4,1,1,0
54,1,2,2,1,330,1,1,0,1,1,1,4,1,1,0
54,0,3,2,3,1000,2,2,0,1,1,1,4,1,1,0
54,0,4,2,3,330,2,1,0,1,1,1,4,1,1,0
54,0,5,2,0,0,0,0,0,1,1,1,4,1,1,0
54,0,1,3,1,330,1,2,0,1,1,1,4,1,1,0
54,1,2,3,3,1000,2,1,0,1,1,1,4,1,1,0
54,0,3,3,3,1000,1,2,0,1,1,1,4,1,1,0
54,0,4,3,1,330,2,1,0,1,1,1,4,1,1,0
54,0,5,3,0,0,0,0,0,1,1,1,4,1,1,0
54,0,1,4,3,330,1,1,0,1,1,1,4,1,1,0
54,0,2,4,1,1000,2,2,0,1,1,1,4,1,1,0
54,0,3,4,1,1000,2,1,0,1,1,1,4,1,1,0
54,0,4,4,3,330,1,2,0,1,1,1,4,1,1,0
54,1,5,4,0,0,0,0,0,1,1,1,4,1,1,0
55,0,1,1,1,1000,1,1,1,4,4,1,1,3,2,1
55,1,2,1,1,330,2,2,1,4,4,1,1,3,2,1
55,0,3,1,3,330,2,2,1,4,4,1,1,3,2,1
55,0,4,1,3,1000,1,1,1,4,4,1,1,3,2,1
55,0,5,1,0,0,0,0,1,4,4,1,1,3,2,1
55,0,1,2,1,1000,1,2,1,4,4,1,1,3,2,1
55,1,2,2,1,330,1,1,1,4,4,1,1,3,2,1
55,0,3,2,3,1000,2,2,1,4,4,1,1,3,2,1
55,0,4,2,3,330,2,1,1,4,4,1,1,3,2,1
55,0,5,2,0,0,0,0,1,4,4,1,1,3,2,1
55,0,1,3,1,330,1,2,1,4,4,1,1,3,2,1
55,0,2,3,3,1000,2,1,1,4,4,1,1,3,2,1
55,0,3,3,3,1000,1,2,1,4,4,1,1,3,2,1
55,1,4,3,1,330,2,1,1,4,4,1,1,3,2,1
55,0,5,3,0,0,0,0,1,4,4,1,1,3,2,1
55,1,1,4,3,330,1,1,1,4,4,1,1,3,2,1
55,0,2,4,1,1000,2,2,1,4,4,1,1,3,2,1
55,0,3,4,1,1000,2,1,1,4,4,1,1,3,2,1
55,0,4,4,3,330,1,2,1,4,4,1,1,3,2,1
55,0,5,4,0,0,0,0,1,4,4,1,1,3,2,1
56,0,1,1,1,1000,1,1,1,1,1,1,4,2,2,1
56,1,2,1,1,330,2,2,1,1,1,1,4,2,2,1
56,0,3,1,3,330,2,2,1,1,1,1,4,2,2,1
56,0,4,1,3,1000,1,1,1,1,1,1,4,2,2,1
56,0,5,1,0,0,0,0,1,1,1,1,4,2,2,1
56,1,1,2,1,1000,1,2,1,1,1,1,4,2,2,1
56,0,2,2,1,330,1,1,1,1,1,1,4,2,2,1
56,0,3,2,3,1000,2,2,1,1,1,1,4,2,2,1
56,0,4,2,3,330,2,1,1,1,1,1,4,2,2,1
56,0,5,2,0,0,0,0,1,1,1,1,4,2,2,1
56,0,1,3,1,330,1,2,1,1,1,1,4,2,2,1
56,0,2,3,3,1000,2,1,1,1,1,1,4,2,2,1
56,0,3,3,3,1000,1,2,1,1,1,1,4,2,2,1
56,1,4,3,1,330,2,1,1,1,1,1,4,2,2,1
56,0,5,3,0,0,0,0,1,1,1,1,4,2,2,1
56,0,1,4,3,330,1,1,1,1,1,1,4,2,2,1
56,1,2,4,1,1000,2,2,1,1,1,1,4,2,2,1
56,0,3,4,1,1000,2,1,1,1,1,1,4,2,2,1
56,0,4,4,3,330,1,2,1,1,1,1,4,2,2,1
56,0,5,4,0,0,0,0,1,1,1,1,4,2,2,1
57,0,1,1,1,1000,1,1,1,4,3,1,3,3,1,1
57,0,2,1,1,330,2,2,1,4,3,1,3,3,1,1
57,0,3,1,3,330,2,2,1,4,3,1,3,3,1,1
57,0,4,1,3,1000,1,1,1,4,3,1,3,3,1,1
57,1,5,1,0,0,0,0,1,4,3,1,3,3,1,1
57,0,1,2,1,1000,1,2,1,4,3,1,3,3,1,1
57,0,2,2,1,330,1,1,1,4,3,1,3,3,1,1
57,0,3,2,3,1000,2,2,1,4,3,1,3,3,1,1
57,0,4,2,3,330,2,1,1,4,3,1,3,3,1,1
57,1,5,2,0,0,0,0,1,4,3,1,3,3,1,1
57,0,1,3,1,330,1,2,1,4,3,1,3,3,1,1
57,0,2,3,3,1000,2,1,1,4,3,1,3,3,1,1
57,0,3,3,3,1000,1,2,1,4,3,1,3,3,1,1
57,0,4,3,1,330,2,1,1,4,3,1,3,3,1,1
57,1,5,3,0,0,0,0,1,4,3,1,3,3,1,1
57,0,1,4,3,330,1,1,1,4,3,1,3,3,1,1
57,0,2,4,1,1000,2,2,1,4,3,1,3,3,1,1
57,0,3,4,1,1000,2,1,1,4,3,1,3,3,1,1
57,0,4,4,3,330,1,2,1,4,3,1,3,3,1,1
57,1,5,4,0,0,0,0,1,4,3,1,3,3,1,1
58,0,1,1,1,1000,1,1,0,3,4,1,4,1,2,1
58,1,2,1,1,330,2,2,0,3,4,1,4,1,2,1
58,0,3,1,3,330,2,2,0,3,4,1,4,1,2,1
58,0,4,1,3,1000,1,1,0,3,4,1,4,1,2,1
58,0,5,1,0,0,0,0,0,3,4,1,4,1,2,1
58,0,1,2,1,1000,1,2,0,3,4,1,4,1,2,1
58,1,2,2,1,330,1,1,0,3,4,1,4,1,2,1
58,0,3,2,3,1000,2,2,0,3,4,1,4,1,2,1
58,0,4,2,3,330,2,1,0,3,4,1,4,1,2,1
58,0,5,2,0,0,0,0,0,3,4,1,4,1,2,1
58,0,1,3,1,330,1,2,0,3,4,1,4,1,2,1
58,0,2,3,3,1000,2,1,0,3,4,1,4,1,2,1
58,0,3,3,3,1000,1,2,0,3,4,1,4,1,2,1
58,0,4,3,1,330,2,1,0,3,4,1,4,1,2,1
58,1,5,3,0,0,0,0,0,3,4,1,4,1,2,1
58,0,1,4,3,330,1,1,0,3,4,1,4,1,2,1
58,0,2,4,1,1000,2,2,0,3,4,1,4,1,2,1
58,0,3,4,1,1000,2,1,0,3,4,1,4,1,2,1
58,0,4,4,3,330,1,2,0,3,4,1,4,1,2,1
58,1,5,4,0,0,0,0,0,3,4,1,4,1,2,1
59,0,1,1,1,1000,1,1,0,2,3,1,5,1,1,0
59,0,2,1,1,330,2,2,0,2,3,1,5,1,1,0
59,0,3,1,3,330,2,2,0,2,3,1,5,1,1,0
59,0,4,1,3,1000,1,1,0,2,3,1,5,1,1,0
59,1,5,1,0,0,0,0,0,2,3,1,5,1,1,0
59,0,1,2,1,1000,1,2,0,2,3,1,5,1,1,0
59,0,2,2,1,330,1,1,0,2,3,1,5,1,1,0
59,0,3,2,3,1000,2,2,0,2,3,1,5,1,1,0
59,0,4,2,3,330,2,1,0,2,3,1,5,1,1,0
59,1,5,2,0,0,0,0,0,2,3,1,5,1,1,0
59,0,1,3,1,330,1,2,0,2,3,1,5,1,1,0
59,0,2,3,3,1000,2,1,0,2,3,1,5,1,1,0
59,0,3,3,3,1000,1,2,0,2,3,1,5,1,1,0
59,0,4,3,1,330,2,1,0,2,3,1,5,1,1,0
59,1,5,3,0,0,0,0,0,2,3,1,5,1,1,0
59,0,1,4,3,330,1,1,0,2,3,1,5,1,1,0
59,0,2,4,1,1000,2,2,0,2,3,1,5,1,1,0
59,0,3,4,1,1000,2,1,0,2,3,1,5,1,1,0
59,0,4,4,3,330,1,2,0,2,3,1,5,1,1,0
59,1,5,4,0,0,0,0,0,2,3,1,5,1,1,0
60,0,1,1,1,1000,1,1,1,3,3,1,5,1,1,1
60,0,2,1,1,330,2,2,1,3,3,1,5,1,1,1
60,0,3,1,3,330,2,2,1,3,3,1,5,1,1,1
60,0,4,1,3,1000,1,1,1,3,3,1,5,1,1,1
60,1,5,1,0,0,0,0,1,3,3,1,5,1,1,1
60,0,1,2,1,1000,1,2,1,3,3,1,5,1,1,1
60,0,2,2,1,330,1,1,1,3,3,1,5,1,1,1
60,0,3,2,3,1000,2,2,1,3,3,1,5,1,1,1
60,0,4,2,3,330,2,1,1,3,3,1,5,1,1,1
60,1,5,2,0,0,0,0,1,3,3,1,5,1,1,1
60,0,1,3,1,330,1,2,1,3,3,1,5,1,1,1
60,0,2,3,3,1000,2,1,1,3,3,1,5,1,1,1
60,0,3,3,3,1000,1,2,1,3,3,1,5,1,1,1
60,0,4,3,1,330,2,1,1,3,3,1,5,1,1,1
60,1,5,3,0,0,0,0,1,3,3,1,5,1,1,1
60,0,1,4,3,330,1,1,1,3,3,1,5,1,1,1
60,0,2,4,1,1000,2,2,1,3,3,1,5,1,1,1
60,0,3,4,1,1000,2,1,1,3,3,1,5,1,1,1
60,0,4,4,3,330,1,2,1,3,3,1,5,1,1,1
60,1,5,4,0,0,0,0,1,3,3,1,5,1,1,1
61,0,1,1,1,1000,1,1,1,4,4,2,4,2,2,1
61,0,2,1,1,330,2,2,1,4,4,2,4,2,2,1
61,0,3,1,3,330,2,2,1,4,4,2,4,2,2,1
61,0,4,1,3,1000,1,1,1,4,4,2,4,2,2,1
61,1,5,1,0,0,0,0,1,4,4,2,4,2,2,1
61,0,1,2,1,1000,1,2,1,4,4,2,4,2,2,1
61,0,2,2,1,330,1,1,1,4,4,2,4,2,2,1
61,0,3,2,3,1000,2,2,1,4,4,2,4,2,2,1
61,0,4,2,3,330,2,1,1,4,4,2,4,2,2,1
61,1,5,2,0,0,0,0,1,4,4,2,4,2,2,1
61,0,1,3,1,330,1,2,1,4,4,2,4,2,2,1
61,0,2,3,3,1000,2,1,1,4,4,2,4,2,2,1
61,0,3,3,3,1000,1,2,1,4,4,2,4,2,2,1
61,0,4,3,1,330,2,1,1,4,4,2,4,2,2,1
61,1,5,3,0,0,0,0,1,4,4,2,4,2,2,1
61,0,1,4,3,330,1,1,1,4,4,2,4,2,2,1
61,0,2,4,1,1000,2,2,1,4,4,2,4,2,2,1
61,0,3,4,1,1000,2,1,1,4,4,2,4,2,2,1
61,0,4,4,3,330,1,2,1,4,4,2,4,2,2,1
61,1,5,4,0,0,0,0,1,4,4,2,4,2,2,1
62,1,1,1,1,1000,1,1,1,3,2,1,4,4,5,1
62,0,2,1,1,330,2,2,1,3,2,1,4,4,5,1
62,0,3,1,3,330,2,2,1,3,2,1,4,4,5,1
62,0,4,1,3,1000,1,1,1,3,2,1,4,4,5,1
62,0,5,1,0,0,0,0,1,3,2,1,4,4,5,1
62,0,1,2,1,1000,1,2,1,3,2,1,4,4,5,1
62,1,2,2,1,330,1,1,1,3,2,1,4,4,5,1
62,0,3,2,3,1000,2,2,1,3,2,1,4,4,5,1
62,0,4,2,3,330,2,1,1,3,2,1,4,4,5,1
62,0,5,2,0,0,0,0,1,3,2,1,4,4,5,1
62,1,1,3,1,330,1,2,1,3,2,1,4,4,5,1
62,0,2,3,3,1000,2,1,1,3,2,1,4,4,5,1
62,0,3,3,3,1000,1,2,1,3,2,1,4,4,5,1
62,0,4,3,1,330,2,1,1,3,2,1,4,4,5,1
62,0,5,3,0,0,0,0,1,3,2,1,4,4,5,1
62,0,1,4,3,330,1,1,1,3,2,1,4,4,5,1
62,0,2,4,1,1000,2,2,1,3,2,1,4,4,5,1
62,1,3,4,1,1000,2,1,1,3,2,1,4,4,5,1
62,0,4,4,3,330,1,2,1,3,2,1,4,4,5,1
62,0,5,4,0,0,0,0,1,3,2,1,4,4,5,1
63,0,1,1,1,1000,1,1,1,3,3,1,4,3,2,1
63,0,2,1,1,330,2,2,1,3,3,1,4,3,2,1
63,0,3,1,3,330,2,2,1,3,3,1,4,3,2,1
63,1,4,1,3,1000,1,1,1,3,3,1,4,3,2,1
63,0,5,1,0,0,0,0,1,3,3,1,4,3,2,1
63,1,1,2,1,1000,1,2,1,3,3,1,4,3,2,1
63,0,2,2,1,330,1,1,1,3,3,1,4,3,2,1
63,0,3,2,3,1000,2,2,1,3,3,1,4,3,2,1
63,0,4,2,3,330,2,1,1,3,3,1,4,3,2,1
63,0,5,2,0,0,0,0,1,3,3,1,4,3,2,1
63,1,1,3,1,330,1,2,1,3,3,1,4,3,2,1
63,0,2,3,3,1000,2,1,1,3,3,1,4,3,2,1
63,0,3,3,3,1000,1,2,1,3,3,1,4,3,2,1
63,0,4,3,1,330,2,1,1,3,3,1,4,3,2,1
63,0,5,3,0,0,0,0,1,3,3,1,4,3,2,1
63,0,1,4,3,330,1,1,1,3,3,1,4,3,2,1
63,1,2,4,1,1000,2,2,1,3,3,1,4,3,2,1
63,0,3,4,1,1000,2,1,1,3,3,1,4,3,2,1
63,0,4,4,3,330,1,2,1,3,3,1,4,3,2,1
63,0,5,4,0,0,0,0,1,3,3,1,4,3,2,1
64,0,1,1,1,1000,1,1,1,2,2,3,4,1,5,1
64,0,2,1,1,330,2,2,1,2,2,3,4,1,5,1
64,0,3,1,3,330,2,2,1,2,2,3,4,1,5,1
64,1,4,1,3,1000,1,1,1,2,2,3,4,1,5,1
64,0,5,1,0,0,0,0,1,2,2,3,4,1,5,1
64,0,1,2,1,1000,1,2,1,2,2,3,4,1,5,1
64,1,2,2,1,330,1,1,1,2,2,3,4,1,5,1
64,0,3,2,3,1000,2,2,1,2,2,3,4,1,5,1
64,0,4,2,3,330,2,1,1,2,2,3,4,1,5,1
64,0,5,2,0,0,0,0,1,2,2,3,4,1,5,1
64,1,1,3,1,330,1,2,1,2,2,3,4,1,5,1
64,0,2,3,3,1000,2,1,1,2,2,3,4,1,5,1
64,0,3,3,3,1000,1,2,1,2,2,3,4,1,5,1
64,0,4,3,1,330,2,1,1,2,2,3,4,1,5,1
64,0,5,3,0,0,0,0,1,2,2,3,4,1,5,1
64,1,1,4,3,330,1,1,1,2,2,3,4,1,5,1
64,0,2,4,1,1000,2,2,1,2,2,3,4,1,5,1
64,0,3,4,1,1000,2,1,1,2,2,3,4,1,5,1
64,0,4,4,3,330,1,2,1,2,2,3,4,1,5,1
64,0,5,4,0,0,0,0,1,2,2,3,4,1,5,1
65,0,1,1,1,1000,1,1,0,2,3,1,4,3,2,0
65,1,2,1,1,330,2,2,0,2,3,1,4,3,2,0
65,0,3,1,3,330,2,2,0,2,3,1,4,3,2,0
65,0,4,1,3,1000,1,1,0,2,3,1,4,3,2,0
65,0,5,1,0,0,0,0,0,2,3,1,4,3,2,0
65,0,1,2,1,1000,1,2,0,2,3,1,4,3,2,0
65,1,2,2,1,330,1,1,0,2,3,1,4,3,2,0
65,0,3,2,3,1000,2,2,0,2,3,1,4,3,2,0
65,0,4,2,3,330,2,1,0,2,3,1,4,3,2,0
65,0,5,2,0,0,0,0,0,2,3,1,4,3,2,0
65,1,1,3,1,330,1,2,0,2,3,1,4,3,2,0
65,0,2,3,3,1000,2,1,0,2,3,1,4,3,2,0
65,0,3,3,3,1000,1,2,0,2,3,1,4,3,2,0
65,0,4,3,1,330,2,1,0,2,3,1,4,3,2,0
65,0,5,3,0,0,0,0,0,2,3,1,4,3,2,0
65,0,1,4,3,330,1,1,0,2,3,1,4,3,2,0
65,0,2,4,1,1000,2,2,0,2,3,1,4,3,2,0
65,0,3,4,1,1000,2,1,0,2,3,1,4,3,2,0
65,0,4,4,3,330,1,2,0,2,3,1,4,3,2,0
65,1,5,4,0,0,0,0,0,2,3,1,4,3,2,0
66,0,1,1,1,1000,1,1,0,2,1,1,5,2,5,0
66,0,2,1,1,330,2,2,0,2,1,1,5,2,5,0
66,0,3,1,3,330,2,2,0,2,1,1,5,2,5,0
66,0,4,1,3,1000,1,1,0,2,1,1,5,2,5,0
66,1,5,1,0,0,0,0,0,2,1,1,5,2,5,0
66,0,1,2,1,1000,1,2,0,2,1,1,5,2,5,0
66,0,2,2,1,330,1,1,0,2,1,1,5,2,5,0
66,0,3,2,3,1000,2,2,0,2,1,1,5,2,5,0
66,0,4,2,3,330,2,1,0,2,1,1,5,2,5,0
66,1,5,2,0,0,0,0,0,2,1,1,5,2,5,0
66,0,1,3,1,330,1,2,0,2,1,1,5,2,5,0
66,0,2,3,3,1000,2,1,0,2,1,1,5,2,5,0
66,0,3,3,3,1000,1,2,0,2,1,1,5,2,5,0
66,0,4,3,1,330,2,1,0,2,1,1,5,2,5,0
66,1,5,3,0,0,0,0,0,2,1,1,5,2,5,0
66,0,1,4,3,330,1,1,0,2,1,1,5,2,5,0
66,0,2,4,1,1000,2,2,0,2,1,1,5,2,5,0
66,0,3,4,1,1000,2,1,0,2,1,1,5,2,5,0
66,0,4,4,3,330,1,2,0,2,1,1,5,2,5,0
66,1,5,4,0,0,0,0,0,2,1,1,5,2,5,0
67,0,1,1,1,1000,1,1,1,2,3,3,4,4,5,1
67,0,2,1,1,330,2,2,1,2,3,3,4,4,5,1
67,0,3,1,3,330,2,2,1,2,3,3,4,4,5,1
67,0,4,1,3,1000,1,1,1,2,3,3,4,4,5,1
67,1,5,1,0,0,0,0,1,2,3,3,4,4,5,1
67,0,1,2,1,1000,1,2,1,2,3,3,4,4,5,1
67,0,2,2,1,330,1,1,1,2,3,3,4,4,5,1
67,0,3,2,3,1000,2,2,1,2,3,3,4,4,5,1
67,0,4,2,3,330,2,1,1,2,3,3,4,4,5,1
67,1,5,2,0,0,0,0,1,2,3,3,4,4,5,1
67,0,1,3,1,330,1,2,1,2,3,3,4,4,5,1
67,0,2,3,3,1000,2,1,1,2,3,3,4,4,5,1
67,0,3,3,3,1000,1,2,1,2,3,3,4,4,5,1
67,0,4,3,1,330,2,1,1,2,3,3,4,4,5,1
67,1,5,3,0,0,0,0,1,2,3,3,4,4,5,1
67,0,1,4,3,330,1,1,1,2,3,3,4,4,5,1
67,0,2,4,1,1000,2,2,1,2,3,3,4,4,5,1
67,0,3,4,1,1000,2,1,1,2,3,3,4,4,5,1
67,0,4,4,3,330,1,2,1,2,3,3,4,4,5,1
67,1,5,4,0,0,0,0,1,2,3,3,4,4,5,1
68,0,1,1,1,1000,1,1,0,2,3,1,4,4,5,0
68,0,2,1,1,330,2,2,0,2,3,1,4,4,5,0
68,0,3,1,3,330,2,2,0,2,3,1,4,4,5,0
68,0,4,1,3,1000,1,1,0,2,3,1,4,4,5,0
68,1,5,1,0,0,0,0,0,2,3,1,4,4,5,0
68,0,1,2,1,1000,1,2,0,2,3,1,4,4,5,0
68,0,2,2,1,330,1,1,0,2,3,1,4,4,5,0
68,0,3,2,3,1000,2,2,0,2,3,1,4,4,5,0
68,0,4,2,3,330,2,1,0,2,3,1,4,4,5,0
68,1,5,2,0,0,0,0,0,2,3,1,4,4,5,0
68,0,1,3,1,330,1,2,0,2,3,1,4,4,5,0
68,0,2,3,3,1000,2,1,0,2,3,1,4,4,5,0
68,0,3,3,3,1000,1,2,0,2,3,1,4,4,5,0
68,0,4,3,1,330,2,1,0,2,3,1,4,4,5,0
68,1,5,3,0,0,0,0,0,2,3,1,4,4,5,0
68,0,1,4,3,330,1,1,0,2,3,1,4,4,5,0
68,0,2,4,1,1000,2,2,0,2,3,1,4,4,5,0
68,0,3,4,1,1000,2,1,0,2,3,1,4,4,5,0
68,0,4,4,3,330,1,2,0,2,3,1,4,4,5,0
68,1,5,4,0,0,0,0,0,2,3,1,4,4,5,0
69,0,1,1,1,1000,1,1,1,3,4,1,4,1,3,1
69,0,2,1,1,330,2,2,1,3,4,1,4,1,3,1
69,1,3,1,3,330,2,2,1,3,4,1,4,1,3,1
69,0,4,1,3,1000,1,1,1,3,4,1,4,1,3,1
69,0,5,1,0,0,0,0,1,3,4,1,4,1,3,1
69,0,1,2,1,1000,1,2,1,3,4,1,4,1,3,1
69,0,2,2,1,330,1,1,1,3,4,1,4,1,3,1
69,0,3,2,3,1000,2,2,1,3,4,1,4,1,3,1
69,1,4,2,3,330,2,1,1,3,4,1,4,1,3,1
69,0,5,2,0,0,0,0,1,3,4,1,4,1,3,1
69,0,1,3,1,330,1,2,1,3,4,1,4,1,3,1
69,0,2,3,3,1000,2,1,1,3,4,1,4,1,3,1
69,0,3,3,3,1000,1,2,1,3,4,1,4,1,3,1
69,0,4,3,1,330,2,1,1,3,4,1,4,1,3,1
69,1,5,3,0,0,0,0,1,3,4,1,4,1,3,1
69,0,1,4,3,330,1,1,1,3,4,1,4,1,3,1
69,0,2,4,1,1000,2,2,1,3,4,1,4,1,3,1
69,0,3,4,1,1000,2,1,1,3,4,1,4,1,3,1
69,0,4,4,3,330,1,2,1,3,4,1,4,1,3,1
69,1,5,4,0,0,0,0,1,3,4,1,4,1,3,1
70,0,1,1,1,1000,1,1,1,3,3,1,4,2,5,1
70,0,2,1,1,330,2,2,1,3,3,1,4,2,5,1
70,0,3,1,3,330,2,2,1,3,3,1,4,2,5,1
70,0,4,1,3,1000,1,1,1,3,3,1,4,2,5,1
70,1,5,1,0,0,0,0,1,3,3,1,4,2,5,1
70,0,1,2,1,1000,1,2,1,3,3,1,4,2,5,1
70,0,2,2,1,330,1,1,1,3,3,1,4,2,5,1
70,0,3,2,3,1000,2,2,1,3,3,1,4,2,5,1
70,0,4,2,3,330,2,1,1,3,3,1,4,2,5,1
70,1,5,2,0,0,0,0,1,3,3,1,4,2,5,1
70,0,1,3,1,330,1,2,1,3,3,1,4,2,5,1
70,0,2,3,3,1000,2,1,1,3,3,1,4,2,5,1
70,0,3,3,3,1000,1,2,1,3,3,1,4,2,5,1
70,0,4,3,1,330,2,1,1,3,3,1,4,2,5,1
70,1,5,3,0,0,0,0,1,3,3,1,4,2,5,1
70,0,1,4,3,330,1,1,1,3,3,1,4,2,5,1
70,0,2,4,1,1000,2,2,1,3,3,1,4,2,5,1
70,0,3,4,1,1000,2,1,1,3,3,1,4,2,5,1
70,0,4,4,3,330,1,2,1,3,3,1,4,2,5,1
70,1,5,4,0,0,0,0,1,3,3,1,4,2,5,1
71,1,1,1,1,1000,1,1,0,3,4,1,4,1,2,0
71,0,2,1,1,330,2,2,0,3,4,1,4,1,2,0
71,0,3,1,3,330,2,2,0,3,4,1,4,1,2,0
71,0,4,1,3,1000,1,1,0,3,4,1,4,1,2,0
71,0,5,1,0,0,0,0,0,3,4,1,4,1,2,0
71,0,1,2,1,1000,1,2,0,3,4,1,4,1,2,0
71,1,2,2,1,330,1,1,0,3,4,1,4,1,2,0
71,0,3,2,3,1000,2,2,0,3,4,1,4,1,2,0
71,0,4,2,3,330,2,1,0,3,4,1,4,1,2,0
71,0,5,2,0,0,0,0,0,3,4,1,4,1,2,0
71,0,1,3,1,330,1,2,0,3,4,1,4,1,2,0
71,0,2,3,3,1000,2,1,0,3,4,1,4,1,2,0
71,0,3,3,3,1000,1,2,0,3,4,1,4,1,2,0
71,0,4,3,1,330,2,1,0,3,4,1,4,1,2,0
71,1,5,3,0,0,0,0,0,3,4,1,4,1,2,0
71,0,1,4,3,330,1,1,0,3,4,1,4,1,2,0
71,0,2,4,1,1000,2,2,0,3,4,1,4,1,2,0
71,1,3,4,1,1000,2,1,0,3,4,1,4,1,2,0
71,0,4,4,3,330,1,2,0,3,4,1,4,1,2,0
71,0,5,4,0,0,0,0,0,3,4,1,4,1,2,0
72,0,1,1,1,1000,1,1,0,3,4,1,3,3,2,0
72,1,2,1,1,330,2,2,0,3,4,1,3,3,2,0
72,0,3,1,3,330,2,2,0,3,4,1,3,3,2,0
72,0,4,1,3,1000,1,1,0,3,4,1,3,3,2,0
72,0,5,1,0,0,0,0,0,3,4,1,3,3,2,0
72,1,1,2,1,1000,1,2,0,3,4,1,3,3,2,0
72,0,2,2,1,330,1,1,0,3,4,1,3,3,2,0
72,0,3,2,3,1000,2,2,0,3,4,1,3,3,2,0
72,0,4,2,3,330,2,1,0,3,4,1,3,3,2,0
72,0,5,2,0,0,0,0,0,3,4,1,3,3,2,0
72,1,1,3,1,330,1,2,0,3,4,1,3,3,2,0
72,0,2,3,3,1000,2,1,0,3,4,1,3,3,2,0
72,0,3,3,3,1000,1,2,0,3,4,1,3,3,2,0
72,0,4,3,1,330,2,1,0,3,4,1,3,3,2,0
72,0,5,3,0,0,0,0,0,3,4,1,3,3,2,0
72,0,1,4,3,330,1,1,0,3,4,1,3,3,2,0
72,1,2,4,1,1000,2,2,0,3,4,1,3,3,2,0
72,0,3,4,1,1000,2,1,0,3,4,1,3,3,2,0
72,0,4,4,3,330,1,2,0,3,4,1,3,3,2,0
72,0,5,4,0,0,0,0,0,3,4,1,3,3,2,0
73,0,1,1,1,1000,1,1,0,3,4,1,3,1,4,1
73,0,2,1,1,330,2,2,0,3,4,1,3,1,4,1
73,0,3,1,3,330,2,2,0,3,4,1,3,1,4,1
73,1,4,1,3,1000,1,1,0,3,4,1,3,1,4,1
73,0,5,1,0,0,0,0,0,3,4,1,3,1,4,1
73,0,1,2,1,1000,1,2,0,3,4,1,3,1,4,1
73,0,2,2,1,330,1,1,0,3,4,1,3,1,4,1
73,0,3,2,3,1000,2,2,0,3,4,1,3,1,4,1
73,1,4,2,3,330,2,1,0,3,4,1,3,1,4,1
73,0,5,2,0,0,0,0,0,3,4,1,3,1,4,1
73,0,1,3,1,330,1,2,0,3,4,1,3,1,4,1
73,1,2,3,3,1000,2,1,0,3,4,1,3,1,4,1
73,0,3,3,3,1000,1,2,0,3,4,1,3,1,4,1
73,0,4,3,1,330,2,1,0,3,4,1,3,1,4,1
73,0,5,3,0,0,0,0,0,3,4,1,3,1,4,1
73,1,1,4,3,330,1,1,0,3,4,1,3,1,4,1
73,0,2,4,1,1000,2,2,0,3,4,1,3,1,4,1
73,0,3,4,1,1000,2,1,0,3,4,1,3,1,4,1
73,0,4,4,3,330,1,2,0,3,4,1,3,1,4,1
73,0,5,4,0,0,0,0,0,3,4,1,3,1,4,1
74,0,1,1,1,1000,1,1,0,3,4,1,5,3,2,0
74,1,2,1,1,330,2,2,0,3,4,1,5,3,2,0
74,0,3,1,3,330,2,2,0,3,4,1,5,3,2,0
74,0,4,1,3,1000,1,1,0,3,4,1,5,3,2,0
74,0,5,1,0,0,0,0,0,3,4,1,5,3,2,0
74,1,1,2,1,1000,1,2,0,3,4,1,5,3,2,0
74,0,2,2,1,330,1,1,0,3,4,1,5,3,2,0
74,0,3,2,3,1000,2,2,0,3,4,1,5,3,2,0
74,0,4,2,3,330,2,1,0,3,4,1,5,3,2,0
74,0,5,2,0,0,0,0,0,3,4,1,5,3,2,0
74,1,1,3,1,330,1,2,0,3,4,1,5,3,2,0
74,0,2,3,3,1000,2,1,0,3,4,1,5,3,2,0
74,0,3,3,3,1000,1,2,0,3,4,1,5,3,2,0
74,0,4,3,1,330,2,1,0,3,4,1,5,3,2,0
74,0,5,3,0,0,0,0,0,3,4,1,5,3,2,0
74,0,1,4,3,330,1,1,0,3,4,1,5,3,2,0
74,1,2,4,1,1000,2,2,0,3,4,1,5,3,2,0
74,0,3,4,1,1000,2,1,0,3,4,1,5,3,2,0
74,0,4,4,3,330,1,2,0,3,4,1,5,3,2,0
74,0,5,4,0,0,0,0,0,3,4,1,5,3,2,0
75,0,1,1,1,1000,1,1,0,2,3,3,5,1,2,0
75,0,2,1,1,330,2,2,0,2,3,3,5,1,2,0
75,0,3,1,3,330,2,2,0,2,3,3,5,1,2,0
75,0,4,1,3,1000,1,1,0,2,3,3,5,1,2,0
75,1,5,1,0,0,0,0,0,2,3,3,5,1,2,0
75,0,1,2,1,1000,1,2,0,2,3,3,5,1,2,0
75,0,2,2,1,330,1,1,0,2,3,3,5,1,2,0
75,0,3,2,3,1000,2,2,0,2,3,3,5,1,2,0
75,0,4,2,3,330,2,1,0,2,3,3,5,1,2,0
75,1,5,2,0,0,0,0,0,2,3,3,5,1,2,0
75,0,1,3,1,330,1,2,0,2,3,3,5,1,2,0
75,0,2,3,3,1000,2,1,0,2,3,3,5,1,2,0
75,0,3,3,3,1000,1,2,0,2,3,3,5,1,2,0
75,0,4,3,1,330,2,1,0,2,3,3,5,1,2,0
75,1,5,3,0,0,0,0,0,2,3,3,5,1,2,0
75,0,1,4,3,330,1,1,0,2,3,3,5,1,2,0
75,0,2,4,1,1000,2,2,0,2,3,3,5,1,2,0
75,0,3,4,1,1000,2,1,0,2,3,3,5,1,2,0
75,0,4,4,3,330,1,2,0,2,3,3,5,1,2,0
75,1,5,4,0,0,0,0,0,2,3,3,5,1,2,0
76,1,1,1,1,1000,1,1,0,2,3,1,3,2,5,1
76,0,2,1,1,330,2,2,0,2,3,1,3,2,5,1
76,0,3,1,3,330,2,2,0,2,3,1,3,2,5,1
76,0,4,1,3,1000,1,1,0,2,3,1,3,2,5,1
76,0,5,1,0,0,0,0,0,2,3,1,3,2,5,1
76,0,1,2,1,1000,1,2,0,2,3,1,3,2,5,1
76,1,2,2,1,330,1,1,0,2,3,1,3,2,5,1
76,0,3,2,3,1000,2,2,0,2,3,1,3,2,5,1
76,0,4,2,3,330,2,1,0,2,3,1,3,2,5,1
76,0,5,2,0,0,0,0,0,2,3,1,3,2,5,1
76,0,1,3,1,330,1,2,0,2,3,1,3,2,5,1
76,0,2,3,3,1000,2,1,0,2,3,1,3,2,5,1
76,0,3,3,3,1000,1,2,0,2,3,1,3,2,5,1
76,0,4,3,1,330,2,1,0,2,3,1,3,2,5,1
76,1,5,3,0,0,0,0,0,2,3,1,3,2,5,1
76,0,1,4,3,330,1,1,0,2,3,1,3,2,5,1
76,0,2,4,1,1000,2,2,0,2,3,1,3,2,5,1
76,1,3,4,1,1000,2,1,0,2,3,1,3,2,5,1
76,0,4,4,3,330,1,2,0,2,3,1,3,2,5,1
76,0,5,4,0,0,0,0,0,2,3,1,3,2,5,1
77,0,1,1,1,1000,1,1,0,2,3,1,5,1,3,0
77,0,2,1,1,330,2,2,0,2,3,1,5,1,3,0
77,0,3,1,3,330,2,2,0,2,3,1,5,1,3,0
77,0,4,1,3,1000,1,1,0,2,3,1,5,1,3,0
77,1,5,1,0,0,0,0,0,2,3,1,5,1,3,0
77,0,1,2,1,1000,1,2,0,2,3,1,5,1,3,0
77,0,2,2,1,330,1,1,0,2,3,1,5,1,3,0
77,0,3,2,3,1000,2,2,0,2,3,1,5,1,3,0
77,0,4,2,3,330,2,1,0,2,3,1,5,1,3,0
77,1,5,2,0,0,0,0,0,2,3,1,5,1,3,0
77,0,1,3,1,330,1,2,0,2,3,1,5,1,3,0
77,0,2,3,3,1000,2,1,0,2,3,1,5,1,3,0
77,0,3,3,3,1000,1,2,0,2,3,1,5,1,3,0
77,0,4,3,1,330,2,1,0,2,3,1,5,1,3,0
77,1,5,3,0,0,0,0,0,2,3,1,5,1,3,0
77,0,1,4,3,330,1,1,0,2,3,1,5,1,3,0
77,0,2,4,1,1000,2,2,0,2,3,1,5,1,3,0
77,0,3,4,1,1000,2,1,0,2,3,1,5,1,3,0
77,0,4,4,3,330,1,2,0,2,3,1,5,1,3,0
77,1,5,4,0,0,0,0,0,2,3,1,5,1,3,0
78,1,1,1,1,1000,1,1,0,2,2,1,4,1,2,0
78,0,2,1,1,330,2,2,0,2,2,1,4,1,2,0
78,0,3,1,3,330,2,2,0,2,2,1,4,1,2,0
78,0,4,1,3,1000,1,1,0,2,2,1,4,1,2,0
78,0,5,1,0,0,0,0,0,2,2,1,4,1,2,0
78,0,1,2,1,1000,1,2,0,2,2,1,4,1,2,0
78,1,2,2,1,330,1,1,0,2,2,1,4,1,2,0
78,0,3,2,3,1000,2,2,0,2,2,1,4,1,2,0
78,0,4,2,3,330,2,1,0,2,2,1,4,1,2,0
78,0,5,2,0,0,0,0,0,2,2,1,4,1,2,0
78,0,1,3,1,330,1,2,0,2,2,1,4,1,2,0
78,0,2,3,3,1000,2,1,0,2,2,1,4,1,2,0
78,0,3,3,3,1000,1,2,0,2,2,1,4,1,2,0
78,0,4,3,1,330,2,1,0,2,2,1,4,1,2,0
78,1,5,3,0,0,0,0,0,2,2,1,4,1,2,0
78,0,1,4,3,330,1,1,0,2,2,1,4,1,2,0
78,0,2,4,1,1000,2,2,0,2,2,1,4,1,2,0
78,1,3,4,1,1000,2,1,0,2,2,1,4,1,2,0
78,0,4,4,3,330,1,2,0,2,2,1,4,1,2,0
78,0,5,4,0,0,0,0,0,2,2,1,4,1,2,0
79,0,1,1,1,1000,1,1,1,3,2,3,4,1,3,1
79,0,2,1,1,330,2,2,1,3,2,3,4,1,3,1
79,0,3,1,3,330,2,2,1,3,2,3,4,1,3,1
79,1,4,1,3,1000,1,1,1,3,2,3,4,1,3,1
79,0,5,1,0,0,0,0,1,3,2,3,4,1,3,1
79,0,1,2,1,1000,1,2,1,3,2,3,4,1,3,1
79,0,2,2,1,330,1,1,1,3,2,3,4,1,3,1
79,0,3,2,3,1000,2,2,1,3,2,3,4,1,3,1
79,1,4,2,3,330,2,1,1,3,2,3,4,1,3,1
79,0,5,2,0,0,0,0,1,3,2,3,4,1,3,1
79,0,1,3,1,330,1,2,1,3,2,3,4,1,3,1
79,1,2,3,3,1000,2,1,1,3,2,3,4,1,3,1
79,0,3,3,3,1000,1,2,1,3,2,3,4,1,3,1
79,0,4,3,1,330,2,1,1,3,2,3,4,1,3,1
79,0,5,3,0,0,0,0,1,3,2,3,4,1,3,1
79,1,1,4,3,330,1,1,1,3,2,3,4,1,3,1
79,0,2,4,1,1000,2,2,1,3,2,3,4,1,3,1
79,0,3,4,1,1000,2,1,1,3,2,3,4,1,3,1
79,0,4,4,3,330,1,2,1,3,2,3,4,1,3,1
79,0,5,4,0,0,0,0,1,3,2,3,4,1,3,1
80,0,1,1,1,1000,1,1,0,2,3,1,6,1,2,0
80,0,2,1,1,330,2,2,0,2,3,1,6,1,2,0
80,0,3,1,3,330,2,2,0,2,3,1,6,1,2,0
80,0,4,1,3,1000,1,1,0,2,3,1,6,1,2,0
80,1,5,1,0,0,0,0,0,2,3,1,6,1,2,0
80,0,1,2,1,1000,1,2,0,2,3,1,6,1,2,0
80,0,2,2,1,330,1,1,0,2,3,1,6,1,2,0
80,0,3,2,3,1000,2,2,0,2,3,1,6,1,2,0
80,0,4,2,3,330,2,1,0,2,3,1,6,1,2,0
80,1,5,2,0,0,0,0,0,2,3,1,6,1,2,0
80,0,1,3,1,330,1,2,0,2,3,1,6,1,2,0
80,0,2,3,3,1000,2,1,0,2,3,1,6,1,2,0
80,0,3,3,3,1000,1,2,0,2,3,1,6,1,2,0
80,0,4,3,1,330,2,1,0,2,3,1,6,1,2,0
80,1,5,3,0,0,0,0,0,2,3,1,6,1,2,0
80,0,1,4,3,330,1,1,0,2,3,1,6,1,2,0
80,0,2,4,1,1000,2,2,0,2,3,1,6,1,2,0
80,0,3,4,1,1000,2,1,0,2,3,1,6,1,2,0
80,0,4,4,3,330,1,2,0,2,3,1,6,1,2,0
80,1,5,4,0,0,0,0,0,2,3,1,6,1,2,0
81,1,1,1,1,1000,1,1,0,2,3,1,4,3,2,0
81,0,2,1,1,330,2,2,0,2,3,1,4,3,2,0
81,0,3,1,3,330,2,2,0,2,3,1,4,3,2,0
81,0,4,1,3,1000,1,1,0,2,3,1,4,3,2,0
81,0,5,1,0,0,0,0,0,2,3,1,4,3,2,0
81,0,1,2,1,1000,1,2,0,2,3,1,4,3,2,0
81,1,2,2,1,330,1,1,0,2,3,1,4,3,2,0
81,0,3,2,3,1000,2,2,0,2,3,1,4,3,2,0
81,0,4,2,3,330,2,1,0,2,3,1,4,3,2,0
81,0,5,2,0,0,0,0,0,2,3,1,4,3,2,0
81,0,1,3,1,330,1,2,0,2,3,1,4,3,2,0
81,0,2,3,3,1000,2,1,0,2,3,1,4,3,2,0
81,0,3,3,3,1000,1,2,0,2,3,1,4,3,2,0
81,0,4,3,1,330,2,1,0,2,3,1,4,3,2,0
81,1,5,3,0,0,0,0,0,2,3,1,4,3,2,0
81,0,1,4,3,330,1,1,0,2,3,1,4,3,2,0
81,0,2,4,1,1000,2,2,0,2,3,1,4,3,2,0
81,1,3,4,1,1000,2,1,0,2,3,1,4,3,2,0
81,0,4,4,3,330,1,2,0,2,3,1,4,3,2,0
81,0,5,4,0,0,0,0,0,2,3,1,4,3,2,0
82,0,1,1,1,1000,1,1,0,3,4,4,4,3,5,0
82,1,2,1,1,330,2,2,0,3,4,4,4,3,5,0
82,0,3,1,3,330,2,2,0,3,4,4,4,3,5,0
82,0,4,1,3,1000,1,1,0,3,4,4,4,3,5,0
82,0,5,1,0,0,0,0,0,3,4,4,4,3,5,0
82,1,1,2,1,1000,1,2,0,3,4,4,4,3,5,0
82,0,2,2,1,330,1,1,0,3,4,4,4,3,5,0
82,0,3,2,3,1000,2,2,0,3,4,4,4,3,5,0
82,0,4,2,3,330,2,1,0,3,4,4,4,3,5,0
82,0,5,2,0,0,0,0,0,3,4,4,4,3,5,0
82,1,1,3,1,330,1,2,0,3,4,4,4,3,5,0
82,0,2,3,3,1000,2,1,0,3,4,4,4,3,5,0
82,0,3,3,3,1000,1,2,0,3,4,4,4,3,5,0
82,0,4,3,1,330,2,1,0,3,4,4,4,3,5,0
82,0,5,3,0,0,0,0,0,3,4,4,4,3,5,0
82,0,1,4,3,330,1,1,0,3,4,4,4,3,5,0
82,1,2,4,1,1000,2,2,0,3,4,4,4,3,5,0
82,0,3,4,1,1000,2,1,0,3,4,4,4,3,5,0
82,0,4,4,3,330,1,2,0,3,4,4,4,3,5,0
82,0,5,4,0,0,0,0,0,3,4,4,4,3,5,0
83,0,1,1,1,1000,1,1,1,2,3,1,3,3,4,1
83,0,2,1,1,330,2,2,1,2,3,1,3,3,4,1
83,0,3,1,3,330,2,2,1,2,3,1,3,3,4,1
83,1,4,1,3,1000,1,1,1,2,3,1,3,3,4,1
83,0,5,1,0,0,0,0,1,2,3,1,3,3,4,1
83,0,1,2,1,1000,1,2,1,2,3,1,3,3,4,1
83,0,2,2,1,330,1,1,1,2,3,1,3,3,4,1
83,0,3,2,3,1000,2,2,1,2,3,1,3,3,4,1
83,1,4,2,3,330,2,1,1,2,3,1,3,3,4,1
83,0,5,2,0,0,0,0,1,2,3,1,3,3,4,1
83,0,1,3,1,330,1,2,1,2,3,1,3,3,4,1
83,1,2,3,3,1000,2,1,1,2,3,1,3,3,4,1
83,0,3,3,3,1000,1,2,1,2,3,1,3,3,4,1
83,0,4,3,1,330,2,1,1,2,3,1,3,3,4,1
83,0,5,3,0,0,0,0,1,2,3,1,3,3,4,1
83,1,1,4,3,330,1,1,1,2,3,1,3,3,4,1
83,0,2,4,1,1000,2,2,1,2,3,1,3,3,4,1
83,0,3,4,1,1000,2,1,1,2,3,1,3,3,4,1
83,0,4,4,3,330,1,2,1,2,3,1,3,3,4,1
83,0,5,4,0,0,0,0,1,2,3,1,3,3,4,1
84,1,1,1,1,1000,1,1,1,2,3,3,4,3,3,1
84,0,2,1,1,330,2,2,1,2,3,3,4,3,3,1
84,0,3,1,3,330,2,2,1,2,3,3,4,3,3,1
84,0,4,1,3,1000,1,1,1,2,3,3,4,3,3,1
84,0,5,1,0,0,0,0,1,2,3,3,4,3,3,1
84,0,1,2,1,1000,1,2,1,2,3,3,4,3,3,1
84,1,2,2,1,330,1,1,1,2,3,3,4,3,3,1
84,0,3,2,3,1000,2,2,1,2,3,3,4,3,3,1
84,0,4,2,3,330,2,1,1,2,3,3,4,3,3,1
84,0,5,2,0,0,0,0,1,2,3,3,4,3,3,1
84,0,1,3,1,330,1,2,1,2,3,3,4,3,3,1
84,0,2,3,3,1000,2,1,1,2,3,3,4,3,3,1
84,0,3,3,3,1000,1,2,1,2,3,3,4,3,3,1
84,0,4,3,1,330,2,1,1,2,3,3,4,3,3,1
84,1,5,3,0,0,0,0,1,2,3,3,4,3,3,1
84,0,1,4,3,330,1,1,1,2,3,3,4,3,3,1
84,0,2,4,1,1000,2,2,1,2,3,3,4,3,3,1
84,1,3,4,1,1000,2,1,1,2,3,3,4,3,3,1
84,0,4,4,3,330,1,2,1,2,3,3,4,3,3,1
84,0,5,4,0,0,0,0,1,2,3,3,4,3,3,1
85,0,1,1,1,1000,1,1,1,3,3,1,4,3,3,1
85,0,2,1,1,330,2,2,1,3,3,1,4,3,3,1
85,0,3,1,3,330,2,2,1,3,3,1,4,3,3,1
85,1,4,1,3,1000,1,1,1,3,3,1,4,3,3,1
85,0,5,1,0,0,0,0,1,3,3,1,4,3,3,1
85,0,1,2,1,1000,1,2,1,3,3,1,4,3,3,1
85,0,2,2,1,330,1,1,1,3,3,1,4,3,3,1
85,0,3,2,3,1000,2,2,1,3,3,1,4,3,3,1
85,1,4,2,3,330,2,1,1,3,3,1,4,3,3,1
85,0,5,2,0,0,0,0,1,3,3,1,4,3,3,1
85,0,1,3,1,330,1,2,1,3,3,1,4,3,3,1
85,0,2,3,3,1000,2,1,1,3,3,1,4,3,3,1
85,0,3,3,3,1000,1,2,1,3,3,1,4,3,3,1
85,1,4,3,1,330,2,1,1,3,3,1,4,3,3,1
85,0,5,3,0,0,0,0,1,3,3,1,4,3,3,1
85,1,1,4,3,330,1,1,1,3,3,1,4,3,3,1
85,0,2,4,1,1000,2,2,1,3,3,1,4,3,3,1
85,0,3,4,1,1000,2,1,1,3,3,1,4,3,3,1
85,0,4,4,3,330,1,2,1,3,3,1,4,3,3,1
85,0,5,4,0,0,0,0,1,3,3,1,4,3,3,1
86,0,1,1,1,1000,1,1,1,3,4,2,2,1,2,1
86,0,2,1,1,330,2,2,1,3,4,2,2,1,2,1
86,0,3,1,3,330,2,2,1,3,4,2,2,1,2,1
86,1,4,1,3,1000,1,1,1,3,4,2,2,1,2,1
86,0,5,1,0,0,0,0,1,3,4,2,2,1,2,1
86,0,1,2,1,1000,1,2,1,3,4,2,2,1,2,1
86,0,2,2,1,330,1,1,1,3,4,2,2,1,2,1
86,0,3,2,3,1000,2,2,1,3,4,2,2,1,2,1
86,1,4,2,3,330,2,1,1,3,4,2,2,1,2,1
86,0,5,2,0,0,0,0,1,3,4,2,2,1,2,1
86,0,1,3,1,330,1,2,1,3,4,2,2,1,2,1
86,0,2,3,3,1000,2,1,1,3,4,2,2,1,2,1
86,0,3,3,3,1000,1,2,1,3,4,2,2,1,2,1
86,1,4,3,1,330,2,1,1,3,4,2,2,1,2,1
86,0,5,3,0,0,0,0,1,3,4,2,2,1,2,1
86,1,1,4,3,330,1,1,1,3,4,2,2,1,2,1
86,0,2,4,1,1000,2,2,1,3,4,2,2,1,2,1
86,0,3,4,1,1000,2,1,1,3,4,2,2,1,2,1
86,0,4,4,3,330,1,2,1,3,4,2,2,1,2,1
86,0,5,4,0,0,0,0,1,3,4,2,2,1,2,1
87,0,1,1,1,1000,1,1,1,3,2,1,4,1,3,1
87,1,2,1,1,330,2,2,1,3,2,1,4,1,3,1
87,0,3,1,3,330,2,2,1,3,2,1,4,1,3,1
87,0,4,1,3,1000,1,1,1,3,2,1,4,1,3,1
87,0,5,1,0,0,0,0,1,3,2,1,4,1,3,1
87,1,1,2,1,1000,1,2,1,3,2,1,4,1,3,1
87,0,2,2,1,330,1,1,1,3,2,1,4,1,3,1
87,0,3,2,3,1000,2,2,1,3,2,1,4,1,3,1
87,0,4,2,3,330,2,1,1,3,2,1,4,1,3,1
87,0,5,2,0,0,0,0,1,3,2,1,4,1,3,1
87,1,1,3,1,330,1,2,1,3,2,1,4,1,3,1
87,0,2,3,3,1000,2,1,1,3,2,1,4,1,3,1
87,0,3,3,3,1000,1,2,1,3,2,1,4,1,3,1
87,0,4,3,1,330,2,1,1,3,2,1,4,1,3,1
87,0,5,3,0,0,0,0,1,3,2,1,4,1,3,1
87,0,1,4,3,330,1,1,1,3,2,1,4,1,3,1
87,1,2,4,1,1000,2,2,1,3,2,1,4,1,3,1
87,0,3,4,1,1000,2,1,1,3,2,1,4,1,3,1
87,0,4,4,3,330,1,2,1,3,2,1,4,1,3,1
87,0,5,4,0,0,0,0,1,3,2,1,4,1,3,1
88,0,1,1,1,1000,1,1,1,4,4,2,2,1,2,1
88,1,2,1,1,330,2,2,1,4,4,2,2,1,2,1
88,0,3,1,3,330,2,2,1,4,4,2,2,1,2,1
88,0,4,1,3,1000,1,1,1,4,4,2,2,1,2,1
88,0,5,1,0,0,0,0,1,4,4,2,2,1,2,1
88,1,1,2,1,1000,1,2,1,4,4,2,2,1,2,1
88,0,2,2,1,330,1,1,1,4,4,2,2,1,2,1
88,0,3,2,3,1000,2,2,1,4,4,2,2,1,2,1
88,0,4,2,3,330,2,1,1,4,4,2,2,1,2,1
88,0,5,2,0,0,0,0,1,4,4,2,2,1,2,1
88,1,1,3,1,330,1,2,1,4,4,2,2,1,2,1
88,0,2,3,3,1000,2,1,1,4,4,2,2,1,2,1
88,0,3,3,3,1000,1,2,1,4,4,2,2,1,2,1
88,0,4,3,1,330,2,1,1,4,4,2,2,1,2,1
88,0,5,3,0,0,0,0,1,4,4,2,2,1,2,1
88,0,1,4,3,330,1,1,1,4,4,2,2,1,2,1
88,1,2,4,1,1000,2,2,1,4,4,2,2,1,2,1
88,0,3,4,1,1000,2,1,1,4,4,2,2,1,2,1
88,0,4,4,3,330,1,2,1,4,4,2,2,1,2,1
88,0,5,4,0,0,0,0,1,4,4,2,2,1,2,1
89,1,1,1,1,1000,1,1,1,2,3,2,5,2,5,1
89,0,2,1,1,330,2,2,1,2,3,2,5,2,5,1
89,0,3,1,3,330,2,2,1,2,3,2,5,2,5,1
89,0,4,1,3,1000,1,1,1,2,3,2,5,2,5,1
89,0,5,1,0,0,0,0,1,2,3,2,5,2,5,1
89,0,1,2,1,1000,1,2,1,2,3,2,5,2,5,1
89,1,2,2,1,330,1,1,1,2,3,2,5,2,5,1
89,0,3,2,3,1000,2,2,1,2,3,2,5,2,5,1
89,0,4,2,3,330,2,1,1,2,3,2,5,2,5,1
89,0,5,2,0,0,0,0,1,2,3,2,5,2,5,1
89,1,1,3,1,330,1,2,1,2,3,2,5,2,5,1
89,0,2,3,3,1000,2,1,1,2,3,2,5,2,5,1
89,0,3,3,3,1000,1,2,1,2,3,2,5,2,5,1
89,0,4,3,1,330,2,1,1,2,3,2,5,2,5,1
89,0,5,3,0,0,0,0,1,2,3,2,5,2,5,1
89,0,1,4,3,330,1,1,1,2,3,2,5,2,5,1
89,1,2,4,1,1000,2,2,1,2,3,2,5,2,5,1
89,0,3,4,1,1000,2,1,1,2,3,2,5,2,5,1
89,0,4,4,3,330,1,2,1,2,3,2,5,2,5,1
89,0,5,4,0,0,0,0,1,2,3,2,5,2,5,1
90,0,1,1,1,1000,1,1,1,2,3,1,5,1,2,1
90,0,2,1,1,330,2,2,1,2,3,1,5,1,2,1
90,1,3,1,3,330,2,2,1,2,3,1,5,1,2,1
90,0,4,1,3,1000,1,1,1,2,3,1,5,1,2,1
90,0,5,1,0,0,0,0,1,2,3,1,5,1,2,1
90,0,1,2,1,1000,1,2,1,2,3,1,5,1,2,1
90,0,2,2,1,330,1,1,1,2,3,1,5,1,2,1
90,1,3,2,3,1000,2,2,1,2,3,1,5,1,2,1
90,0,4,2,3,330,2,1,1,2,3,1,5,1,2,1
90,0,5,2,0,0,0,0,1,2,3,1,5,1,2,1
90,0,1,3,1,330,1,2,1,2,3,1,5,1,2,1
90,0,2,3,3,1000,2,1,1,2,3,1,5,1,2,1
90,0,3,3,3,1000,1,2,1,2,3,1,5,1,2,1
90,0,4,3,1,330,2,1,1,2,3,1,5,1,2,1
90,1,5,3,0,0,0,0,1,2,3,1,5,1,2,1
90,0,1,4,3,330,1,1,1,2,3,1,5,1,2,1
90,0,2,4,1,1000,2,2,1,2,3,1,5,1,2,1
90,0,3,4,1,1000,2,1,1,2,3,1,5,1,2,1
90,1,4,4,3,330,1,2,1,2,3,1,5,1,2,1
90,0,5,4,0,0,0,0,1,2,3,1,5,1,2,1
91,1,1,1,1,1000,1,1,1,2,3,2,4,2,3,1
91,0,2,1,1,330,2,2,1,2,3,2,4,2,3,1
91,0,3,1,3,330,2,2,1,2,3,2,4,2,3,1
91,0,4,1,3,1000,1,1,1,2,3,2,4,2,3,1
91,0,5,1,0,0,0,0,1,2,3,2,4,2,3,1
91,0,1,2,1,1000,1,2,1,2,3,2,4,2,3,1
91,1,2,2,1,330,1,1,1,2,3,2,4,2,3,1
91,0,3,2,3,1000,2,2,1,2,3,2,4,2,3,1
91,0,4,2,3,330,2,1,1,2,3,2,4,2,3,1
91,0,5,2,0,0,0,0,1,2,3,2,4,2,3,1
91,0,1,3,1,330,1,2,1,2,3,2,4,2,3,1
91,0,2,3,3,1000,2,1,1,2,3,2,4,2,3,1
91,0,3,3,3,1000,1,2,1,2,3,2,4,2,3,1
91,0,4,3,1,330,2,1,1,2,3,2,4,2,3,1
91,1,5,3,0,0,0,0,1,2,3,2,4,2,3,1
91,0,1,4,3,330,1,1,1,2,3,2,4,2,3,1
91,0,2,4,1,1000,2,2,1,2,3,2,4,2,3,1
91,1,3,4,1,1000,2,1,1,2,3,2,4,2,3,1
91,0,4,4,3,330,1,2,1,2,3,2,4,2,3,1
91,0,5,4,0,0,0,0,1,2,3,2,4,2,3,1
92,1,1,1,1,1000,1,1,1,3,4,1,3,2,2,1
92,0,2,1,1,330,2,2,1,3,4,1,3,2,2,1
92,0,3,1,3,330,2,2,1,3,4,1,3,2,2,1
92,0,4,1,3,1000,1,1,1,3,4,1,3,2,2,1
92,0,5,1,0,0,0,0,1,3,4,1,3,2,2,1
92,0,1,2,1,1000,1,2,1,3,4,1,3,2,2,1
92,1,2,2,1,330,1,1,1,3,4,1,3,2,2,1
92,0,3,2,3,1000,2,2,1,3,4,1,3,2,2,1
92,0,4,2,3,330,2,1,1,3,4,1,3,2,2,1
92,0,5,2,0,0,0,0,1,3,4,1,3,2,2,1
92,0,1,3,1,330,1,2,1,3,4,1,3,2,2,1
92,0,2,3,3,1000,2,1,1,3,4,1,3,2,2,1
92,0,3,3,3,1000,1,2,1,3,4,1,3,2,2,1
92,0,4,3,1,330,2,1,1,3,4,1,3,2,2,1
92,1,5,3,0,0,0,0,1,3,4,1,3,2,2,1
92,0,1,4,3,330,1,1,1,3,4,1,3,2,2,1
92,0,2,4,1,1000,2,2,1,3,4,1,3,2,2,1
92,1,3,4,1,1000,2,1,1,3,4,1,3,2,2,1
92,0,4,4,3,330,1,2,1,3,4,1,3,2,2,1
92,0,5,4,0,0,0,0,1,3,4,1,3,2,2,1
93,0,1,1,1,1000,1,1,1,3,4,2,3,4,4,1
93,0,2,1,1,330,2,2,1,3,4,2,3,4,4,1
93,0,3,1,3,330,2,2,1,3,4,2,3,4,4,1
93,1,4,1,3,1000,1,1,1,3,4,2,3,4,4,1
93,0,5,1,0,0,0,0,1,3,4,2,3,4,4,1
93,0,1,2,1,1000,1,2,1,3,4,2,3,4,4,1
93,0,2,2,1,330,1,1,1,3,4,2,3,4,4,1
93,0,3,2,3,1000,2,2,1,3,4,2,3,4,4,1
93,1,4,2,3,330,2,1,1,3,4,2,3,4,4,1
93,0,5,2,0,0,0,0,1,3,4,2,3,4,4,1
93,0,1,3,1,330,1,2,1,3,4,2,3,4,4,1
93,1,2,3,3,1000,2,1,1,3,4,2,3,4,4,1
93,0,3,3,3,1000,1,2,1,3,4,2,3,4,4,1
93,0,4,3,1,330,2,1,1,3,4,2,3,4,4,1
93,0,5,3,0,0,0,0,1,3,4,2,3,4,4,1
93,1,1,4,3,330,1,1,1,3,4,2,3,4,4,1
93,0,2,4,1,1000,2,2,1,3,4,2,3,4,4,1
93,0,3,4,1,1000,2,1,1,3,4,2,3,4,4,1
93,0,4,4,3,330,1,2,1,3,4,2,3,4,4,1
93,0,5,4,0,0,0,0,1,3,4,2,3,4,4,1
94,1,1,1,1,1000,1,1,0,2,3,1,5,1,2,0
94,0,2,1,1,330,2,2,0,2,3,1,5,1,2,0
94,0,3,1,3,330,2,2,0,2,3,1,5,1,2,0
94,0,4,1,3,1000,1,1,0,2,3,1,5,1,2,0
94,0,5,1,0,0,0,0,0,2,3,1,5,1,2,0
94,0,1,2,1,1000,1,2,0,2,3,1,5,1,2,0
94,1,2,2,1,330,1,1,0,2,3,1,5,1,2,0
94,0,3,2,3,1000,2,2,0,2,3,1,5,1,2,0
94,0,4,2,3,330,2,1,0,2,3,1,5,1,2,0
94,0,5,2,0,0,0,0,0,2,3,1,5,1,2,0
94,0,1,3,1,330,1,2,0,2,3,1,5,1,2,0
94,0,2,3,3,1000,2,1,0,2,3,1,5,1,2,0
94,0,3,3,3,1000,1,2,0,2,3,1,5,1,2,0
94,0,4,3,1,330,2,1,0,2,3,1,5,1,2,0
94,1,5,3,0,0,0,0,0,2,3,1,5,1,2,0
94,0,1,4,3,330,1,1,0,2,3,1,5,1,2,0
94,0,2,4,1,1000,2,2,0,2,3,1,5,1,2,0
94,1,3,4,1,1000,2,1,0,2,3,1,5,1,2,0
94,0,4,4,3,330,1,2,0,2,3,1,5,1,2,0
94,0,5,4,0,0,0,0,0,2,3,1,5,1,2,0
95,0,1,1,1,1000,1,1,0,2,3,1,5,1,2,0
95,0,2,1,1,330,2,2,0,2,3,1,5,1,2,0
95,0,3,1,3,330,2,2,0,2,3,1,5,1,2,0
95,0,4,1,3,1000,1,1,0,2,3,1,5,1,2,0
95,1,5,1,0,0,0,0,0,2,3,1,5,1,2,0
95,1,1,2,1,1000,1,2,0,2,3,1,5,1,2,0
95,0,2,2,1,330,1,1,0,2,3,1,5,1,2,0
95,0,3,2,3,1000,2,2,0,2,3,1,5,1,2,0
95,0,4,2,3,330,2,1,0,2,3,1,5,1,2,0
95,0,5,2,0,0,0,0,0,2,3,1,5,1,2,0
95,0,1,3,1,330,1,2,0,2,3,1,5,1,2,0
95,0,2,3,3,1000,2,1,0,2,3,1,5,1,2,0
95,0,3,3,3,1000,1,2,0,2,3,1,5,1,2,0
95,0,4,3,1,330,2,1,0,2,3,1,5,1,2,0
95,1,5,3,0,0,0,0,0,2,3,1,5,1,2,0
95,0,1,4,3,330,1,1,0,2,3,1,5,1,2,0
95,0,2,4,1,1000,2,2,0,2,3,1,5,1,2,0
95,0,3,4,1,1000,2,1,0,2,3,1,5,1,2,0
95,0,4,4,3,330,1,2,0,2,3,1,5,1,2,0
95,1,5,4,0,0,0,0,0,2,3,1,5,1,2,0
96,0,1,1,1,1000,1,1,1,3,4,1,3,4,2,1
96,0,2,1,1,330,2,2,1,3,4,1,3,4,2,1
96,0,3,1,3,330,2,2,1,3,4,1,3,4,2,1
96,0,4,1,3,1000,1,1,1,3,4,1,3,4,2,1
96,1,5,1,0,0,0,0,1,3,4,1,3,4,2,1
96,0,1,2,1,1000,1,2,1,3,4,1,3,4,2,1
96,0,2,2,1,330,1,1,1,3,4,1,3,4,2,1
96,0,3,2,3,1000,2,2,1,3,4,1,3,4,2,1
96,0,4,2,3,330,2,1,1,3,4,1,3,4,2,1
96,1,5,2,0,0,0,0,1,3,4,1,3,4,2,1
96,0,1,3,1,330,1,2,1,3,4,1,3,4,2,1
96,0,2,3,3,1000,2,1,1,3,4,1,3,4,2,1
96,0,3,3,3,1000,1,2,1,3,4,1,3,4,2,1
96,0,4,3,1,330,2,1,1,3,4,1,3,4,2,1
96,1,5,3,0,0,0,0,1,3,4,1,3,4,2,1
96,0,1,4,3,330,1,1,1,3,4,1,3,4,2,1
96,0,2,4,1,1000,2,2,1,3,4,1,3,4,2,1
96,0,3,4,1,1000,2,1,1,3,4,1,3,4,2,1
96,0,4,4,3,330,1,2,1,3,4,1,3,4,2,1
96,1,5,4,0,0,0,0,1,3,4,1,3,4,2,1
97,0,1,1,1,1000,1,1,1,2,3,2,2,1,2,1
97,0,2,1,1,330,2,2,1,2,3,2,2,1,2,1
97,0,3,1,3,330,2,2,1,2,3,2,2,1,2,1
97,1,4,1,3,1000,1,1,1,2,3,2,2,1,2,1
97,0,5,1,0,0,0,0,1,2,3,2,2,1,2,1
97,0,1,2,1,1000,1,2,1,2,3,2,2,1,2,1
97,1,2,2,1,330,1,1,1,2,3,2,2,1,2,1
97,0,3,2,3,1000,2,2,1,2,3,2,2,1,2,1
97,0,4,2,3,330,2,1,1,2,3,2,2,1,2,1
97,0,5,2,0,0,0,0,1,2,3,2,2,1,2,1
97,0,1,3,1,330,1,2,1,2,3,2,2,1,2,1
97,0,2,3,3,1000,2,1,1,2,3,2,2,1,2,1
97,0,3,3,3,1000,1,2,1,2,3,2,2,1,2,1
97,1,4,3,1,330,2,1,1,2,3,2,2,1,2,1
97,0,5,3,0,0,0,0,1,2,3,2,2,1,2,1
97,0,1,4,3,330,1,1,1,2,3,2,2,1,2,1
97,0,2,4,1,1000,2,2,1,2,3,2,2,1,2,1
97,0,3,4,1,1000,2,1,1,2,3,2,2,1,2,1
97,0,4,4,3,330,1,2,1,2,3,2,2,1,2,1
97,1,5,4,0,0,0,0,1,2,3,2,2,1,2,1
98,0,1,1,1,1000,1,1,1,3,2,4,4,4,5,1
98,0,2,1,1,330,2,2,1,3,2,4,4,4,5,1
98,0,3,1,3,330,2,2,1,3,2,4,4,4,5,1
98,0,4,1,3,1000,1,1,1,3,2,4,4,4,5,1
98,1,5,1,0,0,0,0,1,3,2,4,4,4,5,1
98,0,1,2,1,1000,1,2,1,3,2,4,4,4,5,1
98,0,2,2,1,330,1,1,1,3,2,4,4,4,5,1
98,0,3,2,3,1000,2,2,1,3,2,4,4,4,5,1
98,0,4,2,3,330,2,1,1,3,2,4,4,4,5,1
98,1,5,2,0,0,0,0,1,3,2,4,4,4,5,1
98,0,1,3,1,330,1,2,1,3,2,4,4,4,5,1
98,0,2,3,3,1000,2,1,1,3,2,4,4,4,5,1
98,0,3,3,3,1000,1,2,1,3,2,4,4,4,5,1
98,0,4,3,1,330,2,1,1,3,2,4,4,4,5,1
98,1,5,3,0,0,0,0,1,3,2,4,4,4,5,1
98,0,1,4,3,330,1,1,1,3,2,4,4,4,5,1
98,0,2,4,1,1000,2,2,1,3,2,4,4,4,5,1
98,0,3,4,1,1000,2,1,1,3,2,4,4,4,5,1
98,0,4,4,3,330,1,2,1,3,2,4,4,4,5,1
98,1,5,4,0,0,0,0,1,3,2,4,4,4,5,1
99,0,1,1,1,1000,1,1,1,2,1,1,3,4,2,1
99,1,2,1,1,330,2,2,1,2,1,1,3,4,2,1
99,0,3,1,3,330,2,2,1,2,1,1,3,4,2,1
99,0,4,1,3,1000,1,1,1,2,1,1,3,4,2,1
99,0,5,1,0,0,0,0,1,2,1,1,3,4,2,1
99,1,1,2,1,1000,1,2,1,2,1,1,3,4,2,1
99,0,2,2,1,330,1,1,1,2,1,1,3,4,2,1
99,0,3,2,3,1000,2,2,1,2,1,1,3,4,2,1
99,0,4,2,3,330,2,1,1,2,1,1,3,4,2,1
99,0,5,2,0,0,0,0,1,2,1,1,3,4,2,1
99,1,1,3,1,330,1,2,1,2,1,1,3,4,2,1
99,0,2,3,3,1000,2,1,1,2,1,1,3,4,2,1
99,0,3,3,3,1000,1,2,1,2,1,1,3,4,2,1
99,0,4,3,1,330,2,1,1,2,1,1,3,4,2,1
99,0,5,3,0,0,0,0,1,2,1,1,3,4,2,1
99,0,1,4,3,330,1,1,1,2,1,1,3,4,2,1
99,1,2,4,1,1000,2,2,1,2,1,1,3,4,2,1
99,0,3,4,1,1000,2,1,1,2,1,1,3,4,2,1
99,0,4,4,3,330,1,2,1,2,1,1,3,4,2,1
99,0,5,4,0,0,0,0,1,2,1,1,3,4,2,1
100,0,1,1,1,1000,1,1,1,1,1,1,5,1,2,1
100,0,2,1,1,330,2,2,1,1,1,1,5,1,2,1
100,0,3,1,3,330,2,2,1,1,1,1,5,1,2,1
100,0,4,1,3,1000,1,1,1,1,1,1,5,1,2,1
100,1,5,1,0,0,0,0,1,1,1,1,5,1,2,1
100,0,1,2,1,1000,1,2,1,1,1,1,5,1,2,1
100,0,2,2,1,330,1,1,1,1,1,1,5,1,2,1
100,0,3,2,3,1000,2,2,1,1,1,1,5,1,2,1
100,0,4,2,3,330,2,1,1,1,1,1,5,1,2,1
100,1,5,2,0,0,0,0,1,1,1,1,5,1,2,1
100,0,1,3,1,330,1,2,1,1,1,1,5,1,2,1
100,0,2,3,3,1000,2,1,1,1,1,1,5,1,2,1
100,0,3,3,3,1000,1,2,1,1,1,1,5,1,2,1
100,0,4,3,1,330,2,1,1,1,1,1,5,1,2,1
100,1,5,3,0,0,0,0,1,1,1,1,5,1,2,1
100,0,1,4,3,330,1,1,1,1,1,1,5,1,2,1
100,0,2,4,1,1000,2,2,1,1,1,1,5,1,2,1
100,0,3,4,1,1000,2,1,1,1,1,1,5,1,2,1
100,0,4,4,3,330,1,2,1,1,1,1,5,1,2,1
100,1,5,4,0,0,0,0,1,1,1,1,5,1,2,1
101,0,1,1,1,1000,1,1,0,2,1,2,4,1,3,0
101,1,2,1,1,330,2,2,0,2,1,2,4,1,3,0
101,0,3,1,3,330,2,2,0,2,1,2,4,1,3,0
101,0,4,1,3,1000,1,1,0,2,1,2,4,1,3,0
101,0,5,1,0,0,0,0,0,2,1,2,4,1,3,0
101,0,1,2,1,1000,1,2,0,2,1,2,4,1,3,0
101,1,2,2,1,330,1,1,0,2,1,2,4,1,3,0
101,0,3,2,3,1000,2,2,0,2,1,2,4,1,3,0
101,0,4,2,3,330,2,1,0,2,1,2,4,1,3,0
101,0,5,2,0,0,0,0,0,2,1,2,4,1,3,0
101,1,1,3,1,330,1,2,0,2,1,2,4,1,3,0
101,0,2,3,3,1000,2,1,0,2,1,2,4,1,3,0
101,0,3,3,3,1000,1,2,0,2,1,2,4,1,3,0
101,0,4,3,1,330,2,1,0,2,1,2,4,1,3,0
101,0,5,3,0,0,0,0,0,2,1,2,4,1,3,0
101,0,1,4,3,330,1,1,0,2,1,2,4,1,3,0
101,0,2,4,1,1000,2,2,0,2,1,2,4,1,3,0
101,0,3,4,1,1000,2,1,0,2,1,2,4,1,3,0
101,0,4,4,3,330,1,2,0,2,1,2,4,1,3,0
101,1,5,4,0,0,0,0,0,2,1,2,4,1,3,0
102,0,1,1,1,1000,1,1,0,2,2,0,4,3,2,0
102,0,2,1,1,330,2,2,0,2,2,0,4,3,2,0
102,0,3,1,3,330,2,2,0,2,2,0,4,3,2,0
102,0,4,1,3,1000,1,1,0,2,2,0,4,3,2,0
102,1,5,1,0,0,0,0,0,2,2,0,4,3,2,0
102,0,1,2,1,1000,1,2,0,2,2,0,4,3,2,0
102,1,2,2,1,330,1,1,0,2,2,0,4,3,2,0
102,0,3,2,3,1000,2,2,0,2,2,0,4,3,2,0
102,0,4,2,3,330,2,1,0,2,2,0,4,3,2,0
102,0,5,2,0,0,0,0,0,2,2,0,4,3,2,0
102,0,1,3,1,330,1,2,0,2,2,0,4,3,2,0
102,0,2,3,3,1000,2,1,0,2,2,0,4,3,2,0
102,0,3,3,3,1000,1,2,0,2,2,0,4,3,2,0
102,0,4,3,1,330,2,1,0,2,2,0,4,3,2,0
102,1,5,3,0,0,0,0,0,2,2,0,4,3,2,0
102,0,1,4,3,330,1,1,0,2,2,0,4,3,2,0
102,0,2,4,1,1000,2,2,0,2,2,0,4,3,2,0
102,0,3,4,1,1000,2,1,0,2,2,0,4,3,2,0
102,0,4,4,3,330,1,2,0,2,2,0,4,3,2,0
102,1,5,4,0,0,0,0,0,2,2,0,4,3,2,0
103,0,1,1,1,1000,1,1,1,3,3,4,5,3,5,0
103,0,2,1,1,330,2,2,1,3,3,4,5,3,5,0
103,0,3,1,3,330,2,2,1,3,3,4,5,3,5,0
103,0,4,1,3,1000,1,1,1,3,3,4,5,3,5,0
103,1,5,1,0,0,0,0,1,3,3,4,5,3,5,0
103,0,1,2,1,1000,1,2,1,3,3,4,5,3,5,0
103,0,2,2,1,330,1,1,1,3,3,4,5,3,5,0
103,0,3,2,3,1000,2,2,1,3,3,4,5,3,5,0
103,0,4,2,3,330,2,1,1,3,3,4,5,3,5,0
103,1,5,2,0,0,0,0,1,3,3,4,5,3,5,0
103,0,1,3,1,330,1,2,1,3,3,4,5,3,5,0
103,0,2,3,3,1000,2,1,1,3,3,4,5,3,5,0
103,0,3,3,3,1000,1,2,1,3,3,4,5,3,5,0
103,0,4,3,1,330,2,1,1,3,3,4,5,3,5,0
103,1,5,3,0,0,0,0,1,3,3,4,5,3,5,0
103,0,1,4,3,330,1,1,1,3,3,4,5,3,5,0
103,0,2,4,1,1000,2,2,1,3,3,4,5,3,5,0
103,0,3,4,1,1000,2,1,1,3,3,4,5,3,5,0
103,0,4,4,3,330,1,2,1,3,3,4,5,3,5,0
103,1,5,4,0,0,0,0,1,3,3,4,5,3,5,0
104,0,1,1,1,1000,1,1,0,3,3,1,5,1,2,1
104,0,2,1,1,330,2,2,0,3,3,1,5,1,2,1
104,0,3,1,3,330,2,2,0,3,3,1,5,1,2,1
104,0,4,1,3,1000,1,1,0,3,3,1,5,1,2,1
104,1,5,1,0,0,0,0,0,3,3,1,5,1,2,1
104,0,1,2,1,1000,1,2,0,3,3,1,5,1,2,1
104,0,2,2,1,330,1,1,0,3,3,1,5,1,2,1
104,0,3,2,3,1000,2,2,0,3,3,1,5,1,2,1
104,0,4,2,3,330,2,1,0,3,3,1,5,1,2,1
104,1,5,2,0,0,0,0,0,3,3,1,5,1,2,1
104,0,1,3,1,330,1,2,0,3,3,1,5,1,2,1
104,0,2,3,3,1000,2,1,0,3,3,1,5,1,2,1
104,0,3,3,3,1000,1,2,0,3,3,1,5,1,2,1
104,0,4,3,1,330,2,1,0,3,3,1,5,1,2,1
104,1,5,3,0,0,0,0,0,3,3,1,5,1,2,1
104,0,1,4,3,330,1,1,0,3,3,1,5,1,2,1
104,0,2,4,1,1000,2,2,0,3,3,1,5,1,2,1
104,0,3,4,1,1000,2,1,0,3,3,1,5,1,2,1
104,0,4,4,3,330,1,2,0,3,3,1,5,1,2,1
104,1,5,4,0,0,0,0,0,3,3,1,5,1,2,1
105,1,1,1,1,1000,1,1,0,2,1,1,5,2,1,0
105,0,2,1,1,330,2,2,0,2,1,1,5,2,1,0
105,0,3,1,3,330,2,2,0,2,1,1,5,2,1,0
105,0,4,1,3,1000,1,1,0,2,1,1,5,2,1,0
105,0,5,1,0,0,0,0,0,2,1,1,5,2,1,0
105,0,1,2,1,1000,1,2,0,2,1,1,5,2,1,0
105,1,2,2,1,330,1,1,0,2,1,1,5,2,1,0
105,0,3,2,3,1000,2,2,0,2,1,1,5,2,1,0
105,0,4,2,3,330,2,1,0,2,1,1,5,2,1,0
105,0,5,2,0,0,0,0,0,2,1,1,5,2,1,0
105,1,1,3,1,330,1,2,0,2,1,1,5,2,1,0
105,0,2,3,3,1000,2,1,0,2,1,1,5,2,1,0
105,0,3,3,3,1000,1,2,0,2,1,1,5,2,1,0
105,0,4,3,1,330,2,1,0,2,1,1,5,2,1,0
105,0,5,3,0,0,0,0,0,2,1,1,5,2,1,0
105,0,1,4,3,330,1,1,0,2,1,1,5,2,1,0
105,0,2,4,1,1000,2,2,0,2,1,1,5,2,1,0
105,1,3,4,1,1000,2,1,0,2,1,1,5,2,1,0
105,0,4,4,3,330,1,2,0,2,1,1,5,2,1,0
105,0,5,4,0,0,0,0,0,2,1,1,5,2,1,0
106,0,1,1,1,1000,1,1,0,2,2,1,4,3,1,1
106,0,2,1,1,330,2,2,0,2,2,1,4,3,1,1
106,1,3,1,3,330,2,2,0,2,2,1,4,3,1,1
106,0,4,1,3,1000,1,1,0,2,2,1,4,3,1,1
106,0,5,1,0,0,0,0,0,2,2,1,4,3,1,1
106,0,1,2,1,1000,1,2,0,2,2,1,4,3,1,1
106,0,2,2,1,330,1,1,0,2,2,1,4,3,1,1
106,0,3,2,3,1000,2,2,0,2,2,1,4,3,1,1
106,1,4,2,3,330,2,1,0,2,2,1,4,3,1,1
106,0,5,2,0,0,0,0,0,2,2,1,4,3,1,1
106,0,1,3,1,330,1,2,0,2,2,1,4,3,1,1
106,1,2,3,3,1000,2,1,0,2,2,1,4,3,1,1
106,0,3,3,3,1000,1,2,0,2,2,1,4,3,1,1
106,0,4,3,1,330,2,1,0,2,2,1,4,3,1,1
106,0,5,3,0,0,0,0,0,2,2,1,4,3,1,1
106,1,1,4,3,330,1,1,0,2,2,1,4,3,1,1
106,0,2,4,1,1000,2,2,0,2,2,1,4,3,1,1
106,0,3,4,1,1000,2,1,0,2,2,1,4,3,1,1
106,0,4,4,3,330,1,2,0,2,2,1,4,3,1,1
106,0,5,4,0,0,0,0,0,2,2,1,4,3,1,1
107,0,1,1,1,1000,1,1,1,2,3,4,2,4,5,1
107,0,2,1,1,330,2,2,1,2,3,4,2,4,5,1
107,0,3,1,3,330,2,2,1,2,3,4,2,4,5,1
107,0,4,1,3,1000,1,1,1,2,3,4,2,4,5,1
107,1,5,1,0,0,0,0,1,2,3,4,2,4,5,1
107,0,1,2,1,1000,1,2,1,2,3,4,2,4,5,1
107,0,2,2,1,330,1,1,1,2,3,4,2,4,5,1
107,0,3,2,3,1000,2,2,1,2,3,4,2,4,5,1
107,0,4,2,3,330,2,1,1,2,3,4,2,4,5,1
107,1,5,2,0,0,0,0,1,2,3,4,2,4,5,1
107,0,1,3,1,330,1,2,1,2,3,4,2,4,5,1
107,0,2,3,3,1000,2,1,1,2,3,4,2,4,5,1
107,0,3,3,3,1000,1,2,1,2,3,4,2,4,5,1
107,0,4,3,1,330,2,1,1,2,3,4,2,4,5,1
107,1,5,3,0,0,0,0,1,2,3,4,2,4,5,1
107,0,1,4,3,330,1,1,1,2,3,4,2,4,5,1
107,0,2,4,1,1000,2,2,1,2,3,4,2,4,5,1
107,0,3,4,1,1000,2,1,1,2,3,4,2,4,5,1
107,0,4,4,3,330,1,2,1,2,3,4,2,4,5,1
107,1,5,4,0,0,0,0,1,2,3,4,2,4,5,1
108,0,1,1,1,1000,1,1,1,2,1,3,5,2,3,1
108,1,2,1,1,330,2,2,1,2,1,3,5,2,3,1
108,0,3,1,3,330,2,2,1,2,1,3,5,2,3,1
108,0,4,1,3,1000,1,1,1,2,1,3,5,2,3,1
108,0,5,1,0,0,0,0,1,2,1,3,5,2,3,1
108,0,1,2,1,1000,1,2,1,2,1,3,5,2,3,1
108,1,2,2,1,330,1,1,1,2,1,3,5,2,3,1
108,0,3,2,3,1000,2,2,1,2,1,3,5,2,3,1
108,0,4,2,3,330,2,1,1,2,1,3,5,2,3,1
108,0,5,2,0,0,0,0,1,2,1,3,5,2,3,1
108,1,1,3,1,330,1,2,1,2,1,3,5,2,3,1
108,0,2,3,3,1000,2,1,1,2,1,3,5,2,3,1
108,0,3,3,3,1000,1,2,1,2,1,3,5,2,3,1
108,0,4,3,1,330,2,1,1,2,1,3,5,2,3,1
108,0,5,3,0,0,0,0,1,2,1,3,5,2,3,1
108,0,1,4,3,330,1,1,1,2,1,3,5,2,3,1
108,0,2,4,1,1000,2,2,1,2,1,3,5,2,3,1
108,0,3,4,1,1000,2,1,1,2,1,3,5,2,3,1
108,0,4,4,3,330,1,2,1,2,1,3,5,2,3,1
108,1,5,4,0,0,0,0,1,2,1,3,5,2,3,1
109,1,1,1,1,1000,1,1,1,2,1,1,4,4,3,1
109,0,2,1,1,330,2,2,1,2,1,1,4,4,3,1
109,0,3,1,3,330,2,2,1,2,1,1,4,4,3,1
109,0,4,1,3,1000,1,1,1,2,1,1,4,4,3,1
109,0,5,1,0,0,0,0,1,2,1,1,4,4,3,1
109,0,1,2,1,1000,1,2,1,2,1,1,4,4,3,1
109,1,2,2,1,330,1,1,1,2,1,1,4,4,3,1
109,0,3,2,3,1000,2,2,1,2,1,1,4,4,3,1
109,0,4,2,3,330,2,1,1,2,1,1,4,4,3,1
109,0,5,2,0,0,0,0,1,2,1,1,4,4,3,1
109,0,1,3,1,330,1,2,1,2,1,1,4,4,3,1
109,0,2,3,3,1000,2,1,1,2,1,1,4,4,3,1
109,0,3,3,3,1000,1,2,1,2,1,1,4,4,3,1
109,0,4,3,1,330,2,1,1,2,1,1,4,4,3,1
109,1,5,3,0,0,0,0,1,2,1,1,4,4,3,1
109,0,1,4,3,330,1,1,1,2,1,1,4,4,3,1
109,0,2,4,1,1000,2,2,1,2,1,1,4,4,3,1
109,1,3,4,1,1000,2,1,1,2,1,1,4,4,3,1
109,0,4,4,3,330,1,2,1,2,1,1,4,4,3,1
109,0,5,4,0,0,0,0,1,2,1,1,4,4,3,1
110,0,1,1,1,1000,1,1,0,2,2,1,4,2,3,1
110,0,2,1,1,330,2,2,0,2,2,1,4,2,3,1
110,0,3,1,3,330,2,2,0,2,2,1,4,2,3,1
110,0,4,1,3,1000,1,1,0,2,2,1,4,2,3,1
110,1,5,1,0,0,0,0,0,2,2,1,4,2,3,1
110,0,1,2,1,1000,1,2,0,2,2,1,4,2,3,1
110,1,2,2,1,330,1,1,0,2,2,1,4,2,3,1
110,0,3,2,3,1000,2,2,0,2,2,1,4,2,3,1
110,0,4,2,3,330,2,1,0,2,2,1,4,2,3,1
110,0,5,2,0,0,0,0,0,2,2,1,4,2,3,1
110,0,1,3,1,330,1,2,0,2,2,1,4,2,3,1
110,0,2,3,3,1000,2,1,0,2,2,1,4,2,3,1
110,0,3,3,3,1000,1,2,0,2,2,1,4,2,3,1
110,0,4,3,1,330,2,1,0,2,2,1,4,2,3,1
110,1,5,3,0,0,0,0,0,2,2,1,4,2,3,1
110,0,1,4,3,330,1,1,0,2,2,1,4,2,3,1
110,0,2,4,1,1000,2,2,0,2,2,1,4,2,3,1
110,0,3,4,1,1000,2,1,0,2,2,1,4,2,3,1
110,0,4,4,3,330,1,2,0,2,2,1,4,2,3,1
110,1,5,4,0,0,0,0,0,2,2,1,4,2,3,1
111,0,1,1,1,1000,1,1,1,2,2,1,4,1,1,1
111,0,2,1,1,330,2,2,1,2,2,1,4,1,1,1
111,0,3,1,3,330,2,2,1,2,2,1,4,1,1,1
111,0,4,1,3,1000,1,1,1,2,2,1,4,1,1,1
111,1,5,1,0,0,0,0,1,2,2,1,4,1,1,1
111,0,1,2,1,1000,1,2,1,2,2,1,4,1,1,1
111,0,2,2,1,330,1,1,1,2,2,1,4,1,1,1
111,0,3,2,3,1000,2,2,1,2,2,1,4,1,1,1
111,0,4,2,3,330,2,1,1,2,2,1,4,1,1,1
111,1,5,2,0,0,0,0,1,2,2,1,4,1,1,1
111,0,1,3,1,330,1,2,1,2,2,1,4,1,1,1
111,0,2,3,3,1000,2,1,1,2,2,1,4,1,1,1
111,0,3,3,3,1000,1,2,1,2,2,1,4,1,1,1
111,0,4,3,1,330,2,1,1,2,2,1,4,1,1,1
111,1,5,3,0,0,0,0,1,2,2,1,4,1,1,1
111,0,1,4,3,330,1,1,1,2,2,1,4,1,1,1
111,0,2,4,1,1000,2,2,1,2,2,1,4,1,1,1
111,0,3,4,1,1000,2,1,1,2,2,1,4,1,1,1
111,0,4,4,3,330,1,2,1,2,2,1,4,1,1,1
111,1,5,4,0,0,0,0,1,2,2,1,4,1,1,1
112,0,1,1,1,1000,1,1,1,2,1,1,4,4,5,1
112,0,2,1,1,330,2,2,1,2,1,1,4,4,5,1
112,0,3,1,3,330,2,2,1,2,1,1,4,4,5,1
112,0,4,1,3,1000,1,1,1,2,1,1,4,4,5,1
112,1,5,1,0,0,0,0,1,2,1,1,4,4,5,1
112,0,1,2,1,1000,1,2,1,2,1,1,4,4,5,1
112,0,2,2,1,330,1,1,1,2,1,1,4,4,5,1
112,0,3,2,3,1000,2,2,1,2,1,1,4,4,5,1
112,0,4,2,3,330,2,1,1,2,1,1,4,4,5,1
112,1,5,2,0,0,0,0,1,2,1,1,4,4,5,1
112,0,1,3,1,330,1,2,1,2,1,1,4,4,5,1
112,0,2,3,3,1000,2,1,1,2,1,1,4,4,5,1
112,0,3,3,3,1000,1,2,1,2,1,1,4,4,5,1
112,0,4,3,1,330,2,1,1,2,1,1,4,4,5,1
112,1,5,3,0,0,0,0,1,2,1,1,4,4,5,1
112,0,1,4,3,330,1,1,1,2,1,1,4,4,5,1
112,0,2,4,1,1000,2,2,1,2,1,1,4,4,5,1
112,0,3,4,1,1000,2,1,1,2,1,1,4,4,5,1
112,0,4,4,3,330,1,2,1,2,1,1,4,4,5,1
112,1,5,4,0,0,0,0,1,2,1,1,4,4,5,1
113,0,1,1,1,1000,1,1,0,2,1,3,4,4,5,1
113,0,2,1,1,330,2,2,0,2,1,3,4,4,5,1
113,0,3,1,3,330,2,2,0,2,1,3,4,4,5,1
113,0,4,1,3,1000,1,1,0,2,1,3,4,4,5,1
113,1,5,1,0,0,0,0,0,2,1,3,4,4,5,1
113,0,1,2,1,1000,1,2,0,2,1,3,4,4,5,1
113,0,2,2,1,330,1,1,0,2,1,3,4,4,5,1
113,0,3,2,3,1000,2,2,0,2,1,3,4,4,5,1
113,0,4,2,3,330,2,1,0,2,1,3,4,4,5,1
113,1,5,2,0,0,0,0,0,2,1,3,4,4,5,1
113,0,1,3,1,330,1,2,0,2,1,3,4,4,5,1
113,0,2,3,3,1000,2,1,0,2,1,3,4,4,5,1
113,0,3,3,3,1000,1,2,0,2,1,3,4,4,5,1
113,0,4,3,1,330,2,1,0,2,1,3,4,4,5,1
113,1,5,3,0,0,0,0,0,2,1,3,4,4,5,1
113,0,1,4,3,330,1,1,0,2,1,3,4,4,5,1
113,0,2,4,1,1000,2,2,0,2,1,3,4,4,5,1
113,0,3,4,1,1000,2,1,0,2,1,3,4,4,5,1
113,0,4,4,3,330,1,2,0,2,1,3,4,4,5,1
113,1,5,4,0,0,0,0,0,2,1,3,4,4,5,1
114,1,1,1,1,1000,1,1,0,2,2,1,4,2,1,0
114,0,2,1,1,330,2,2,0,2,2,1,4,2,1,0
114,0,3,1,3,330,2,2,0,2,2,1,4,2,1,0
114,0,4,1,3,1000,1,1,0,2,2,1,4,2,1,0
114,0,5,1,0,0,0,0,0,2,2,1,4,2,1,0
114,0,1,2,1,1000,1,2,0,2,2,1,4,2,1,0
114,1,2,2,1,330,1,1,0,2,2,1,4,2,1,0
114,0,3,2,3,1000,2,2,0,2,2,1,4,2,1,0
114,0,4,2,3,330,2,1,0,2,2,1,4,2,1,0
114,0,5,2,0,0,0,0,0,2,2,1,4,2,1,0
114,0,1,3,1,330,1,2,0,2,2,1,4,2,1,0
114,0,2,3,3,1000,2,1,0,2,2,1,4,2,1,0
114,0,3,3,3,1000,1,2,0,2,2,1,4,2,1,0
114,0,4,3,1,330,2,1,0,2,2,1,4,2,1,0
114,1,5,3,0,0,0,0,0,2,2,1,4,2,1,0
114,0,1,4,3,330,1,1,0,2,2,1,4,2,1,0
114,0,2,4,1,1000,2,2,0,2,2,1,4,2,1,0
114,1,3,4,1,1000,2,1,0,2,2,1,4,2,1,0
114,0,4,4,3,330,1,2,0,2,2,1,4,2,1,0
114,0,5,4,0,0,0,0,0,2,2,1,4,2,1,0
115,0,1,1,1,1000,1,1,1,2,3,2,4,3,1,1
115,0,2,1,1,330,2,2,1,2,3,2,4,3,1,1
115,0,3,1,3,330,2,2,1,2,3,2,4,3,1,1
115,0,4,1,3,1000,1,1,1,2,3,2,4,3,1,1
115,1,5,1,0,0,0,0,1,2,3,2,4,3,1,1
115,0,1,2,1,1000,1,2,1,2,3,2,4,3,1,1
115,1,2,2,1,330,1,1,1,2,3,2,4,3,1,1
115,0,3,2,3,1000,2,2,1,2,3,2,4,3,1,1
115,0,4,2,3,330,2,1,1,2,3,2,4,3,1,1
115,0,5,2,0,0,0,0,1,2,3,2,4,3,1,1
115,1,1,3,1,330,1,2,1,2,3,2,4,3,1,1
115,0,2,3,3,1000,2,1,1,2,3,2,4,3,1,1
115,0,3,3,3,1000,1,2,1,2,3,2,4,3,1,1
115,0,4,3,1,330,2,1,1,2,3,2,4,3,1,1
115,0,5,3,0,0,0,0,1,2,3,2,4,3,1,1
115,0,1,4,3,330,1,1,1,2,3,2,4,3,1,1
115,0,2,4,1,1000,2,2,1,2,3,2,4,3,1,1
115,0,3,4,1,1000,2,1,1,2,3,2,4,3,1,1
115,0,4,4,3,330,1,2,1,2,3,2,4,3,1,1
115,1,5,4,0,0,0,0,1,2,3,2,4,3,1,1
116,1,1,1,1,1000,1,1,0,2,3,1,3,2,1,0
116,0,2,1,1,330,2,2,0,2,3,1,3,2,1,0
116,0,3,1,3,330,2,2,0,2,3,1,3,2,1,0
116,0,4,1,3,1000,1,1,0,2,3,1,3,2,1,0
116,0,5,1,0,0,0,0,0,2,3,1,3,2,1,0
116,0,1,2,1,1000,1,2,0,2,3,1,3,2,1,0
116,1,2,2,1,330,1,1,0,2,3,1,3,2,1,0
116,0,3,2,3,1000,2,2,0,2,3,1,3,2,1,0
116,0,4,2,3,330,2,1,0,2,3,1,3,2,1,0
116,0,5,2,0,0,0,0,0,2,3,1,3,2,1,0
116,0,1,3,1,330,1,2,0,2,3,1,3,2,1,0
116,0,2,3,3,1000,2,1,0,2,3,1,3,2,1,0
116,0,3,3,3,1000,1,2,0,2,3,1,3,2,1,0
116,0,4,3,1,330,2,1,0,2,3,1,3,2,1,0
116,1,5,3,0,0,0,0,0,2,3,1,3,2,1,0
116,0,1,4,3,330,1,1,0,2,3,1,3,2,1,0
116,0,2,4,1,1000,2,2,0,2,3,1,3,2,1,0
116,1,3,4,1,1000,2,1,0,2,3,1,3,2,1,0
116,0,4,4,3,330,1,2,0,2,3,1,3,2,1,0
116,0,5,4,0,0,0,0,0,2,3,1,3,2,1,0
117,0,1,1,1,1000,1,1,1,3,3,1,4,3,5,1
117,1,2,1,1,330,2,2,1,3,3,1,4,3,5,1
117,0,3,1,3,330,2,2,1,3,3,1,4,3,5,1
117,0,4,1,3,1000,1,1,1,3,3,1,4,3,5,1
117,0,5,1,0,0,0,0,1,3,3,1,4,3,5,1
117,0,1,2,1,1000,1,2,1,3,3,1,4,3,5,1
117,1,2,2,1,330,1,1,1,3,3,1,4,3,5,1
117,0,3,2,3,1000,2,2,1,3,3,1,4,3,5,1
117,0,4,2,3,330,2,1,1,3,3,1,4,3,5,1
117,0,5,2,0,0,0,0,1,3,3,1,4,3,5,1
117,1,1,3,1,330,1,2,1,3,3,1,4,3,5,1
117,0,2,3,3,1000,2,1,1,3,3,1,4,3,5,1
117,0,3,3,3,1000,1,2,1,3,3,1,4,3,5,1
117,0,4,3,1,330,2,1,1,3,3,1,4,3,5,1
117,0,5,3,0,0,0,0,1,3,3,1,4,3,5,1
117,0,1,4,3,330,1,1,1,3,3,1,4,3,5,1
117,0,2,4,1,1000,2,2,1,3,3,1,4,3,5,1
117,0,3,4,1,1000,2,1,1,3,3,1,4,3,5,1
117,0,4,4,3,330,1,2,1,3,3,1,4,3,5,1
117,1,5,4,0,0,0,0,1,3,3,1,4,3,5,1
118,0,1,1,1,1000,1,1,1,3,3,2,4,4,5,1
118,0,2,1,1,330,2,2,1,3,3,2,4,4,5,1
118,0,3,1,3,330,2,2,1,3,3,2,4,4,5,1
118,1,4,1,3,1000,1,1,1,3,3,2,4,4,5,1
118,0,5,1,0,0,0,0,1,3,3,2,4,4,5,1
118,0,1,2,1,1000,1,2,1,3,3,2,4,4,5,1
118,1,2,2,1,330,1,1,1,3,3,2,4,4,5,1
118,0,3,2,3,1000,2,2,1,3,3,2,4,4,5,1
118,0,4,2,3,330,2,1,1,3,3,2,4,4,5,1
118,0,5,2,0,0,0,0,1,3,3,2,4,4,5,1
118,0,1,3,1,330,1,2,1,3,3,2,4,4,5,1
118,0,2,3,3,1000,2,1,1,3,3,2,4,4,5,1
118,0,3,3,3,1000,1,2,1,3,3,2,4,4,5,1
118,1,4,3,1,330,2,1,1,3,3,2,4,4,5,1
118,0,5,3,0,0,0,0,1,3,3,2,4,4,5,1
118,0,1,4,3,330,1,1,1,3,3,2,4,4,5,1
118,0,2,4,1,1000,2,2,1,3,3,2,4,4,5,1
118,0,3,4,1,1000,2,1,1,3,3,2,4,4,5,1
118,0,4,4,3,330,1,2,1,3,3,2,4,4,5,1
118,1,5,4,0,0,0,0,1,3,3,2,4,4,5,1
119,1,1,1,1,1000,1,1,0,3,4,1,4,2,1,0
119,0,2,1,1,330,2,2,0,3,4,1,4,2,1,0
119,0,3,1,3,330,2,2,0,3,4,1,4,2,1,0
119,0,4,1,3,1000,1,1,0,3,4,1,4,2,1,0
119,0,5,1,0,0,0,0,0,3,4,1,4,2,1,0
119,0,1,2,1,1000,1,2,0,3,4,1,4,2,1,0
119,1,2,2,1,330,1,1,0,3,4,1,4,2,1,0
119,0,3,2,3,1000,2,2,0,3,4,1,4,2,1,0
119,0,4,2,3,330,2,1,0,3,4,1,4,2,1,0
119,0,5,2,0,0,0,0,0,3,4,1,4,2,1,0
119,0,1,3,1,330,1,2,0,3,4,1,4,2,1,0
119,0,2,3,3,1000,2,1,0,3,4,1,4,2,1,0
119,0,3,3,3,1000,1,2,0,3,4,1,4,2,1,0
119,0,4,3,1,330,2,1,0,3,4,1,4,2,1,0
119,1,5,3,0,0,0,0,0,3,4,1,4,2,1,0
119,0,1,4,3,330,1,1,0,3,4,1,4,2,1,0
119,0,2,4,1,1000,2,2,0,3,4,1,4,2,1,0
119,1,3,4,1,1000,2,1,0,3,4,1,4,2,1,0
119,0,4,4,3,330,1,2,0,3,4,1,4,2,1,0
119,0,5,4,0,0,0,0,0,3,4,1,4,2,1,0
120,0,1,1,1,1000,1,1,1,3,4,1,2,2,1,1
120,0,2,1,1,330,2,2,1,3,4,1,2,2,1,1
120,0,3,1,3,330,2,2,1,3,4,1,2,2,1,1
120,0,4,1,3,1000,1,1,1,3,4,1,2,2,1,1
120,1,5,1,0,0,0,0,1,3,4,1,2,2,1,1
120,0,1,2,1,1000,1,2,1,3,4,1,2,2,1,1
120,0,2,2,1,330,1,1,1,3,4,1,2,2,1,1
120,0,3,2,3,1000,2,2,1,3,4,1,2,2,1,1
120,0,4,2,3,330,2,1,1,3,4,1,2,2,1,1
120,1,5,2,0,0,0,0,1,3,4,1,2,2,1,1
120,0,1,3,1,330,1,2,1,3,4,1,2,2,1,1
120,0,2,3,3,1000,2,1,1,3,4,1,2,2,1,1
120,0,3,3,3,1000,1,2,1,3,4,1,2,2,1,1
120,0,4,3,1,330,2,1,1,3,4,1,2,2,1,1
120,1,5,3,0,0,0,0,1,3,4,1,2,2,1,1
120,0,1,4,3,330,1,1,1,3,4,1,2,2,1,1
120,0,2,4,1,1000,2,2,1,3,4,1,2,2,1,1
120,0,3,4,1,1000,2,1,1,3,4,1,2,2,1,1
120,0,4,4,3,330,1,2,1,3,4,1,2,2,1,1
120,1,5,4,0,0,0,0,1,3,4,1,2,2,1,1
121,1,1,1,1,1000,1,1,0,3,3,1,4,2,2,0
121,0,2,1,1,330,2,2,0,3,3,1,4,2,2,0
121,0,3,1,3,330,2,2,0,3,3,1,4,2,2,0
121,0,4,1,3,1000,1,1,0,3,3,1,4,2,2,0
121,0,5,1,0,0,0,0,0,3,3,1,4,2,2,0
121,0,1,2,1,1000,1,2,0,3,3,1,4,2,2,0
121,1,2,2,1,330,1,1,0,3,3,1,4,2,2,0
121,0,3,2,3,1000,2,2,0,3,3,1,4,2,2,0
121,0,4,2,3,330,2,1,0,3,3,1,4,2,2,0
121,0,5,2,0,0,0,0,0,3,3,1,4,2,2,0
121,0,1,3,1,330,1,2,0,3,3,1,4,2,2,0
121,0,2,3,3,1000,2,1,0,3,3,1,4,2,2,0
121,0,3,3,3,1000,1,2,0,3,3,1,4,2,2,0
121,0,4,3,1,330,2,1,0,3,3,1,4,2,2,0
121,1,5,3,0,0,0,0,0,3,3,1,4,2,2,0
121,0,1,4,3,330,1,1,0,3,3,1,4,2,2,0
121,0,2,4,1,1000,2,2,0,3,3,1,4,2,2,0
121,1,3,4,1,1000,2,1,0,3,3,1,4,2,2,0
121,0,4,4,3,330,1,2,0,3,3,1,4,2,2,0
121,0,5,4,0,0,0,0,0,3,3,1,4,2,2,0
122,0,1,1,1,1000,1,1,0,3,4,1,4,3,1,0
122,0,2,1,1,330,2,2,0,3,4,1,4,3,1,0
122,0,3,1,3,330,2,2,0,3,4,1,4,3,1,0
122,0,4,1,3,1000,1,1,0,3,4,1,4,3,1,0
122,1,5,1,0,0,0,0,0,3,4,1,4,3,1,0
122,0,1,2,1,1000,1,2,0,3,4,1,4,3,1,0
122,0,2,2,1,330,1,1,0,3,4,1,4,3,1,0
122,0,3,2,3,1000,2,2,0,3,4,1,4,3,1,0
122,0,4,2,3,330,2,1,0,3,4,1,4,3,1,0
122,1,5,2,0,0,0,0,0,3,4,1,4,3,1,0
122,0,1,3,1,330,1,2,0,3,4,1,4,3,1,0
122,0,2,3,3,1000,2,1,0,3,4,1,4,3,1,0
122,0,3,3,3,1000,1,2,0,3,4,1,4,3,1,0
122,0,4,3,1,330,2,1,0,3,4,1,4,3,1,0
122,1,5,3,0,0,0,0,0,3,4,1,4,3,1,0
122,0,1,4,3,330,1,1,0,3,4,1,4,3,1,0
122,0,2,4,1,1000,2,2,0,3,4,1,4,3,1,0
122,0,3,4,1,1000,2,1,0,3,4,1,4,3,1,0
122,0,4,4,3,330,1,2,0,3,4,1,4,3,1,0
122,1,5,4,0,0,0,0,0,3,4,1,4,3,1,0
123,1,1,1,1,1000,1,1,0,3,3,2,3,2,2,0
123,0,2,1,1,330,2,2,0,3,3,2,3,2,2,0
123,0,3,1,3,330,2,2,0,3,3,2,3,2,2,0
123,0,4,1,3,1000,1,1,0,3,3,2,3,2,2,0
123,0,5,1,0,0,0,0,0,3,3,2,3,2,2,0
123,0,1,2,1,1000,1,2,0,3,3,2,3,2,2,0
123,1,2,2,1,330,1,1,0,3,3,2,3,2,2,0
123,0,3,2,3,1000,2,2,0,3,3,2,3,2,2,0
123,0,4,2,3,330,2,1,0,3,3,2,3,2,2,0
123,0,5,2,0,0,0,0,0,3,3,2,3,2,2,0
123,0,1,3,1,330,1,2,0,3,3,2,3,2,2,0
123,0,2,3,3,1000,2,1,0,3,3,2,3,2,2,0
123,0,3,3,3,1000,1,2,0,3,3,2,3,2,2,0
123,0,4,3,1,330,2,1,0,3,3,2,3,2,2,0
123,1,5,3,0,0,0,0,0,3,3,2,3,2,2,0
123,0,1,4,3,330,1,1,0,3,3,2,3,2,2,0
123,0,2,4,1,1000,2,2,0,3,3,2,3,2,2,0
123,1,3,4,1,1000,2,1,0,3,3,2,3,2,2,0
123,0,4,4,3,330,1,2,0,3,3,2,3,2,2,0
123,0,5,4,0,0,0,0,0,3,3,2,3,2,2,0
124,1,1,1,1,1000,1,1,1,3,4,1,4,2,1,1
124,0,2,1,1,330,2,2,1,3,4,1,4,2,1,1
124,0,3,1,3,330,2,2,1,3,4,1,4,2,1,1
124,0,4,1,3,1000,1,1,1,3,4,1,4,2,1,1
124,0,5,1,0,0,0,0,1,3,4,1,4,2,1,1
124,0,1,2,1,1000,1,2,1,3,4,1,4,2,1,1
124,1,2,2,1,330,1,1,1,3,4,1,4,2,1,1
124,0,3,2,3,1000,2,2,1,3,4,1,4,2,1,1
124,0,4,2,3,330,2,1,1,3,4,1,4,2,1,1
124,0,5,2,0,0,0,0,1,3,4,1,4,2,1,1
124,0,1,3,1,330,1,2,1,3,4,1,4,2,1,1
124,0,2,3,3,1000,2,1,1,3,4,1,4,2,1,1
124,0,3,3,3,1000,1,2,1,3,4,1,4,2,1,1
124,0,4,3,1,330,2,1,1,3,4,1,4,2,1,1
124,1,5,3,0,0,0,0,1,3,4,1,4,2,1,1
124,0,1,4,3,330,1,1,1,3,4,1,4,2,1,1
124,0,2,4,1,1000,2,2,1,3,4,1,4,2,1,1
124,1,3,4,1,1000,2,1,1,3,4,1,4,2,1,1
124,0,4,4,3,330,1,2,1,3,4,1,4,2,1,1
124,0,5,4,0,0,0,0,1,3,4,1,4,2,1,1
125,1,1,1,1,1000,1,1,1,3,3,3,3,2,2,1
125,0,2,1,1,330,2,2,1,3,3,3,3,2,2,1
125,0,3,1,3,330,2,2,1,3,3,3,3,2,2,1
125,0,4,1,3,1000,1,1,1,3,3,3,3,2,2,1
125,0,5,1,0,0,0,0,1,3,3,3,3,2,2,1
125,0,1,2,1,1000,1,2,1,3,3,3,3,2,2,1
125,1,2,2,1,330,1,1,1,3,3,3,3,2,2,1
125,0,3,2,3,1000,2,2,1,3,3,3,3,2,2,1
125,0,4,2,3,330,2,1,1,3,3,3,3,2,2,1
125,0,5,2,0,0,0,0,1,3,3,3,3,2,2,1
125,0,1,3,1,330,1,2,1,3,3,3,3,2,2,1
125,0,2,3,3,1000,2,1,1,3,3,3,3,2,2,1
125,0,3,3,3,1000,1,2,1,3,3,3,3,2,2,1
125,0,4,3,1,330,2,1,1,3,3,3,3,2,2,1
125,1,5,3,0,0,0,0,1,3,3,3,3,2,2,1
125,0,1,4,3,330,1,1,1,3,3,3,3,2,2,1
125,0,2,4,1,1000,2,2,1,3,3,3,3,2,2,1
125,1,3,4,1,1000,2,1,1,3,3,3,3,2,2,1
125,0,4,4,3,330,1,2,1,3,3,3,3,2,2,1
125,0,5,4,0,0,0,0,1,3,3,3,3,2,2,1
126,1,1,1,1,1000,1,1,1,3,4,1,2,3,1,1
126,0,2,1,1,330,2,2,1,3,4,1,2,3,1,1
126,0,3,1,3,330,2,2,1,3,4,1,2,3,1,1
126,0,4,1,3,1000,1,1,1,3,4,1,2,3,1,1
126,0,5,1,0,0,0,0,1,3,4,1,2,3,1,1
126,0,1,2,1,1000,1,2,1,3,4,1,2,3,1,1
126,1,2,2,1,330,1,1,1,3,4,1,2,3,1,1
126,0,3,2,3,1000,2,2,1,3,4,1,2,3,1,1
126,0,4,2,3,330,2,1,1,3,4,1,2,3,1,1
126,0,5,2,0,0,0,0,1,3,4,1,2,3,1,1
126,1,1,3,1,330,1,2,1,3,4,1,2,3,1,1
126,0,2,3,3,1000,2,1,1,3,4,1,2,3,1,1
126,0,3,3,3,1000,1,2,1,3,4,1,2,3,1,1
126,0,4,3,1,330,2,1,1,3,4,1,2,3,1,1
126,0,5,3,0,0,0,0,1,3,4,1,2,3,1,1
126,0,1,4,3,330,1,1,1,3,4,1,2,3,1,1
126,0,2,4,1,1000,2,2,1,3,4,1,2,3,1,1
126,1,3,4,1,1000,2,1,1,3,4,1,2,3,1,1
126,0,4,4,3,330,1,2,1,3,4,1,2,3,1,1
126,0,5,4,0,0,0,0,1,3,4,1,2,3,1,1
127,0,1,1,1,1000,1,1,1,3,4,1,3,2,3,1
127,0,2,1,1,330,2,2,1,3,4,1,3,2,3,1
127,0,3,1,3,330,2,2,1,3,4,1,3,2,3,1
127,0,4,1,3,1000,1,1,1,3,4,1,3,2,3,1
127,1,5,1,0,0,0,0,1,3,4,1,3,2,3,1
127,0,1,2,1,1000,1,2,1,3,4,1,3,2,3,1
127,0,2,2,1,330,1,1,1,3,4,1,3,2,3,1
127,0,3,2,3,1000,2,2,1,3,4,1,3,2,3,1
127,1,4,2,3,330,2,1,1,3,4,1,3,2,3,1
127,0,5,2,0,0,0,0,1,3,4,1,3,2,3,1
127,0,1,3,1,330,1,2,1,3,4,1,3,2,3,1
127,1,2,3,3,1000,2,1,1,3,4,1,3,2,3,1
127,0,3,3,3,1000,1,2,1,3,4,1,3,2,3,1
127,0,4,3,1,330,2,1,1,3,4,1,3,2,3,1
127,0,5,3,0,0,0,0,1,3,4,1,3,2,3,1
127,1,1,4,3,330,1,1,1,3,4,1,3,2,3,1
127,0,2,4,1,1000,2,2,1,3,4,1,3,2,3,1
127,0,3,4,1,1000,2,1,1,3,4,1,3,2,3,1
127,0,4,4,3,330,1,2,1,3,4,1,3,2,3,1
127,0,5,4,0,0,0,0,1,3,4,1,3,2,3,1
128,0,1,1,1,1000,1,1,0,3,4,1,2,2,2,0
128,0,2,1,1,330,2,2,0,3,4,1,2,2,2,0
128,0,3,1,3,330,2,2,0,3,4,1,2,2,2,0
128,0,4,1,3,1000,1,1,0,3,4,1,2,2,2,0
128,1,5,1,0,0,0,0,0,3,4,1,2,2,2,0
128,0,1,2,1,1000,1,2,0,3,4,1,2,2,2,0
128,0,2,2,1,330,1,1,0,3,4,1,2,2,2,0
128,0,3,2,3,1000,2,2,0,3,4,1,2,2,2,0
128,0,4,2,3,330,2,1,0,3,4,1,2,2,2,0
128,1,5,2,0,0,0,0,0,3,4,1,2,2,2,0
128,0,1,3,1,330,1,2,0,3,4,1,2,2,2,0
128,0,2,3,3,1000,2,1,0,3,4,1,2,2,2,0
128,0,3,3,3,1000,1,2,0,3,4,1,2,2,2,0
128,0,4,3,1,330,2,1,0,3,4,1,2,2,2,0
128,1,5,3,0,0,0,0,0,3,4,1,2,2,2,0
128,0,1,4,3,330,1,1,0,3,4,1,2,2,2,0
128,0,2,4,1,1000,2,2,0,3,4,1,2,2,2,0
128,0,3,4,1,1000,2,1,0,3,4,1,2,2,2,0
128,0,4,4,3,330,1,2,0,3,4,1,2,2,2,0
128,1,5,4,0,0,0,0,0,3,4,1,2,2,2,0
129,1,1,1,1,1000,1,1,1,3,2,1,2,2,2,1
129,0,2,1,1,330,2,2,1,3,2,1,2,2,2,1
129,0,3,1,3,330,2,2,1,3,2,1,2,2,2,1
129,0,4,1,3,1000,1,1,1,3,2,1,2,2,2,1
129,0,5,1,0,0,0,0,1,3,2,1,2,2,2,1
129,0,1,2,1,1000,1,2,1,3,2,1,2,2,2,1
129,1,2,2,1,330,1,1,1,3,2,1,2,2,2,1
129,0,3,2,3,1000,2,2,1,3,2,1,2,2,2,1
129,0,4,2,3,330,2,1,1,3,2,1,2,2,2,1
129,0,5,2,0,0,0,0,1,3,2,1,2,2,2,1
129,1,1,3,1,330,1,2,1,3,2,1,2,2,2,1
129,0,2,3,3,1000,2,1,1,3,2,1,2,2,2,1
129,0,3,3,3,1000,1,2,1,3,2,1,2,2,2,1
129,0,4,3,1,330,2,1,1,3,2,1,2,2,2,1
129,0,5,3,0,0,0,0,1,3,2,1,2,2,2,1
129,0,1,4,3,330,1,1,1,3,2,1,2,2,2,1
129,0,2,4,1,1000,2,2,1,3,2,1,2,2,2,1
129,1,3,4,1,1000,2,1,1,3,2,1,2,2,2,1
129,0,4,4,3,330,1,2,1,3,2,1,2,2,2,1
129,0,5,4,0,0,0,0,1,3,2,1,2,2,2,1
130,0,1,1,1,1000,1,1,1,3,4,0,4,3,2,1
130,0,2,1,1,330,2,2,1,3,4,0,4,3,2,1
130,0,3,1,3,330,2,2,1,3,4,0,4,3,2,1
130,0,4,1,3,1000,1,1,1,3,4,0,4,3,2,1
130,1,5,1,0,0,0,0,1,3,4,0,4,3,2,1
130,0,1,2,1,1000,1,2,1,3,4,0,4,3,2,1
130,0,2,2,1,330,1,1,1,3,4,0,4,3,2,1
130,0,3,2,3,1000,2,2,1,3,4,0,4,3,2,1
130,0,4,2,3,330,2,1,1,3,4,0,4,3,2,1
130,1,5,2,0,0,0,0,1,3,4,0,4,3,2,1
130,0,1,3,1,330,1,2,1,3,4,0,4,3,2,1
130,0,2,3,3,1000,2,1,1,3,4,0,4,3,2,1
130,0,3,3,3,1000,1,2,1,3,4,0,4,3,2,1
130,0,4,3,1,330,2,1,1,3,4,0,4,3,2,1
130,1,5,3,0,0,0,0,1,3,4,0,4,3,2,1
130,0,1,4,3,330,1,1,1,3,4,0,4,3,2,1
130,0,2,4,1,1000,2,2,1,3,4,0,4,3,2,1
130,0,3,4,1,1000,2,1,1,3,4,0,4,3,2,1
130,0,4,4,3,330,1,2,1,3,4,0,4,3,2,1
130,1,5,4,0,0,0,0,1,3,4,0,4,3,2,1
131,0,1,1,1,1000,1,1,1,4,4,1,1,2,1,1
131,0,2,1,1,330,2,2,1,4,4,1,1,2,1,1
131,0,3,1,3,330,2,2,1,4,4,1,1,2,1,1
131,1,4,1,3,1000,1,1,1,4,4,1,1,2,1,1
131,0,5,1,0,0,0,0,1,4,4,1,1,2,1,1
131,0,1,2,1,1000,1,2,1,4,4,1,1,2,1,1
131,0,2,2,1,330,1,1,1,4,4,1,1,2,1,1
131,0,3,2,3,1000,2,2,1,4,4,1,1,2,1,1
131,1,4,2,3,330,2,1,1,4,4,1,1,2,1,1
131,0,5,2,0,0,0,0,1,4,4,1,1,2,1,1
131,0,1,3,1,330,1,2,1,4,4,1,1,2,1,1
131,0,2,3,3,1000,2,1,1,4,4,1,1,2,1,1
131,0,3,3,3,1000,1,2,1,4,4,1,1,2,1,1
131,1,4,3,1,330,2,1,1,4,4,1,1,2,1,1
131,0,5,3,0,0,0,0,1,4,4,1,1,2,1,1
131,1,1,4,3,330,1,1,1,4,4,1,1,2,1,1
131,0,2,4,1,1000,2,2,1,4,4,1,1,2,1,1
131,0,3,4,1,1000,2,1,1,4,4,1,1,2,1,1
131,0,4,4,3,330,1,2,1,4,4,1,1,2,1,1
131,0,5,4,0,0,0,0,1,4,4,1,1,2,1,1
132,0,1,1,1,1000,1,1,0,4,4,1,4,3,1,0
132,0,2,1,1,330,2,2,0,4,4,1,4,3,1,0
132,0,3,1,3,330,2,2,0,4,4,1,4,3,1,0
132,1,4,1,3,1000,1,1,0,4,4,1,4,3,1,0
132,0,5,1,0,0,0,0,0,4,4,1,4,3,1,0
132,0,1,2,1,1000,1,2,0,4,4,1,4,3,1,0
132,0,2,2,1,330,1,1,0,4,4,1,4,3,1,0
132,0,3,2,3,1000,2,2,0,4,4,1,4,3,1,0
132,1,4,2,3,330,2,1,0,4,4,1,4,3,1,0
132,0,5,2,0,0,0,0,0,4,4,1,4,3,1,0
132,0,1,3,1,330,1,2,0,4,4,1,4,3,1,0
132,0,2,3,3,1000,2,1,0,4,4,1,4,3,1,0
132,0,3,3,3,1000,1,2,0,4,4,1,4,3,1,0
132,1,4,3,1,330,2,1,0,4,4,1,4,3,1,0
132,0,5,3,0,0,0,0,0,4,4,1,4,3,1,0
132,1,1,4,3,330,1,1,0,4,4,1,4,3,1,0
132,0,2,4,1,1000,2,2,0,4,4,1,4,3,1,0
132,0,3,4,1,1000,2,1,0,4,4,1,4,3,1,0
132,0,4,4,3,330,1,2,0,4,4,1,4,3,1,0
132,0,5,4,0,0,0,0,0,4,4,1,4,3,1,0
133,0,1,1,1,1000,1,1,0,4,4,1,4,3,4,0
133,0,2,1,1,330,2,2,0,4,4,1,4,3,4,0
133,0,3,1,3,330,2,2,0,4,4,1,4,3,4,0
133,0,4,1,3,1000,1,1,0,4,4,1,4,3,4,0
133,1,5,1,0,0,0,0,0,4,4,1,4,3,4,0
133,0,1,2,1,1000,1,2,0,4,4,1,4,3,4,0
133,0,2,2,1,330,1,1,0,4,4,1,4,3,4,0
133,0,3,2,3,1000,2,2,0,4,4,1,4,3,4,0
133,0,4,2,3,330,2,1,0,4,4,1,4,3,4,0
133,1,5,2,0,0,0,0,0,4,4,1,4,3,4,0
133,0,1,3,1,330,1,2,0,4,4,1,4,3,4,0
133,0,2,3,3,1000,2,1,0,4,4,1,4,3,4,0
133,0,3,3,3,1000,1,2,0,4,4,1,4,3,4,0
133,0,4,3,1,330,2,1,0,4,4,1,4,3,4,0
133,1,5,3,0,0,0,0,0,4,4,1,4,3,4,0
133,0,1,4,3,330,1,1,0,4,4,1,4,3,4,0
133,0,2,4,1,1000,2,2,0,4,4,1,4,3,4,0
133,0,3,4,1,1000,2,1,0,4,4,1,4,3,4,0
133,0,4,4,3,330,1,2,0,4,4,1,4,3,4,0
133,1,5,4,0,0,0,0,0,4,4,1,4,3,4,0
134,0,1,1,1,1000,1,1,0,4,4,1,3,2,2,0
134,1,2,1,1,330,2,2,0,4,4,1,3,2,2,0
134,0,3,1,3,330,2,2,0,4,4,1,3,2,2,0
134,0,4,1,3,1000,1,1,0,4,4,1,3,2,2,0
134,0,5,1,0,0,0,0,0,4,4,1,3,2,2,0
134,0,1,2,1,1000,1,2,0,4,4,1,3,2,2,0
134,1,2,2,1,330,1,1,0,4,4,1,3,2,2,0
134,0,3,2,3,1000,2,2,0,4,4,1,3,2,2,0
134,0,4,2,3,330,2,1,0,4,4,1,3,2,2,0
134,0,5,2,0,0,0,0,0,4,4,1,3,2,2,0
134,1,1,3,1,330,1,2,0,4,4,1,3,2,2,0
134,0,2,3,3,1000,2,1,0,4,4,1,3,2,2,0
134,0,3,3,3,1000,1,2,0,4,4,1,3,2,2,0
134,0,4,3,1,330,2,1,0,4,4,1,3,2,2,0
134,0,5,3,0,0,0,0,0,4,4,1,3,2,2,0
134,0,1,4,3,330,1,1,0,4,4,1,3,2,2,0
134,0,2,4,1,1000,2,2,0,4,4,1,3,2,2,0
134,0,3,4,1,1000,2,1,0,4,4,1,3,2,2,0
134,0,4,4,3,330,1,2,0,4,4,1,3,2,2,0
134,1,5,4,0,0,0,0,0,4,4,1,3,2,2,0
135,0,1,1,1,1000,1,1,1,4,4,1,3,2,2,1
135,0,2,1,1,330,2,2,1,4,4,1,3,2,2,1
135,0,3,1,3,330,2,2,1,4,4,1,3,2,2,1
135,0,4,1,3,1000,1,1,1,4,4,1,3,2,2,1
135,1,5,1,0,0,0,0,1,4,4,1,3,2,2,1
135,0,1,2,1,1000,1,2,1,4,4,1,3,2,2,1
135,0,2,2,1,330,1,1,1,4,4,1,3,2,2,1
135,0,3,2,3,1000,2,2,1,4,4,1,3,2,2,1
135,0,4,2,3,330,2,1,1,4,4,1,3,2,2,1
135,1,5,2,0,0,0,0,1,4,4,1,3,2,2,1
135,0,1,3,1,330,1,2,1,4,4,1,3,2,2,1
135,0,2,3,3,1000,2,1,1,4,4,1,3,2,2,1
135,0,3,3,3,1000,1,2,1,4,4,1,3,2,2,1
135,0,4,3,1,330,2,1,1,4,4,1,3,2,2,1
135,1,5,3,0,0,0,0,1,4,4,1,3,2,2,1
135,0,1,4,3,330,1,1,1,4,4,1,3,2,2,1
135,0,2,4,1,1000,2,2,1,4,4,1,3,2,2,1
135,0,3,4,1,1000,2,1,1,4,4,1,3,2,2,1
135,0,4,4,3,330,1,2,1,4,4,1,3,2,2,1
135,1,5,4,0,0,0,0,1,4,4,1,3,2,2,1
136,1,1,1,1,1000,1,1,1,4,4,1,2,4,1,1
136,0,2,1,1,330,2,2,1,4,4,1,2,4,1,1
136,0,3,1,3,330,2,2,1,4,4,1,2,4,1,1
136,0,4,1,3,1000,1,1,1,4,4,1,2,4,1,1
136,0,5,1,0,0,0,0,1,4,4,1,2,4,1,1
136,0,1,2,1,1000,1,2,1,4,4,1,2,4,1,1
136,0,2,2,1,330,1,1,1,4,4,1,2,4,1,1
136,0,3,2,3,1000,2,2,1,4,4,1,2,4,1,1
136,1,4,2,3,330,2,1,1,4,4,1,2,4,1,1
136,0,5,2,0,0,0,0,1,4,4,1,2,4,1,1
136,0,1,3,1,330,1,2,1,4,4,1,2,4,1,1
136,0,2,3,3,1000,2,1,1,4,4,1,2,4,1,1
136,0,3,3,3,1000,1,2,1,4,4,1,2,4,1,1
136,1,4,3,1,330,2,1,1,4,4,1,2,4,1,1
136,0,5,3,0,0,0,0,1,4,4,1,2,4,1,1
136,1,1,4,3,330,1,1,1,4,4,1,2,4,1,1
136,0,2,4,1,1000,2,2,1,4,4,1,2,4,1,1
136,0,3,4,1,1000,2,1,1,4,4,1,2,4,1,1
136,0,4,4,3,330,1,2,1,4,4,1,2,4,1,1
136,0,5,4,0,0,0,0,1,4,4,1,2,4,1,1
